resource_id,primary_secondary,author,year,title,resource_type,resource_ISBN,resource_journal,resource_volume_pages,resource_notes
10,primary,"Veron, J. E. N.",2000,Corals of the World,book,"",Australian Institute of Marine Science and CCR Qld Pty Ltd.,"",Includes corals of the world CD ROM
24,primary,"Delbeek, J. C., Richards, Z., Lovell, E., Bass, D., Aeby, G., Reboton, C.",2009,IUCN red list (version 2009.1),technical_report,"",http://www.iucnredlist.org/,"",http://www.iucnredlist.org/
31,primary,"Ditlev, H.",2003,"New Scleractinian corals (Cnidaria: Anthozoa) from Sabah, North Borneo. Description of one new genus and eight new species, with notes on their taxonomy and ecology",paper,"",Zool. Med. Leiden,"7, 193-219",New species description. ISSN 0024-0672
40,primary,"Cairns, S. D.",1999,Species richness of recent Scleractinia,paper,10.5479/si.00775630.459.1,Atoll Research Bulletin,"459, 1-46",Link to paper [PDF](http://www.sil.si.edu/digitalcollections/atollresearchbulletin/issues/00459.pdf)
64,primary,"Glynn, P. W., Colley, S. B., Ting, J. H., Mat&#x000E9;, J. L., Guzm&#x000E1;n, H. M.",2000,"Reef coral reproduction in the eastern Pacific: Costa Rica, Panam&#x000E1; and Gal&#x000E1;pagos Islands (Ecuador). IV. Agariciidae, recruitment and recovery of Pavona varians and Pavona sp.a",paper,10.1007/s002270000286,Marine Biology,"136, 785-805",sp recovery Pavona varians Pavona sp.a
119,primary,"Edmondson, C. H.",1929,Growth of Hawaiian corals /,paper,10.5962/bhl.title.58563,,", ",""
203,primary,"Harriott, V. J.",1999,Coral growth in subtropical eastern Australia,paper,10.1007/s003380050195,Coral Reefs,"18, 281-291","This paper summarises a lot of growth rate data from other studies. These data do not belong with this paper, but as original entries. However, Harriott (1999) might be added as the secondary resource for these other studies."
204,primary,"Glynn, P. W., Wellington, G. M., Birkeland, C.",1979,Coral Reef Growth in the Galapagos: Limitation by Sea Urchins,paper,10.1126/science.203.4375.47,Science,"203, 47-49",""
205,primary,"Hubbard, D. K., Scaturo, D.",1985,"Growth rates of seven species of scleractinian corals from Cane Bay and Salt River, St. Croix, USVI",paper,"",Bulletin of Marine Science,"36, 325-338",""
207,primary,"Glynn, P. W.",1985,El Nino-associated disturbance to coral reefs and post disturbance mortality by Acanthaster planci,paper,10.3354/meps026295,Marine Ecology Progress Series,"26, 295-300",Cannot find DOI
208,primary,"Knutson, D. W., Buddemeier, R. W., Smith, S. V.",1972,Coral Chronometers: Seasonal Growth Bands in Reef Corals,paper,10.1126/science.177.4045.270,Science,"177, 270-272",Cannot find DOI
214,primary,"Clark, S., Edwards, A. J.",1995,Coral transplantation as an aid to reef rehabilitation: evaluation of a case study in the Maldive Islands,paper,10.1007/s003380050017,Coral Reefs,"14, 201-213",""
216,primary,"Heyward, A. J., Collins, J. D.",1985, Growth and sexual reproduction in the scleractinian coral Montipora digitata (Dana) ,paper,10.1071/mf9850441,Mar. Freshwater Res.,"36, 441",""
217,primary,"LaJeunesse, T. C.",2001,"INVESTIGATING THE BIODIVERSITY, ECOLOGY, AND PHYLOGENY OF ENDOSYMBIOTIC DINOFLAGELLATES IN THE GENUS SYMBIODINIUM USING THE ITS REGION: IN SEARCH OF A ""SPECIES"" LEVEL MARKER",paper,10.1046/j.1529-8817.2001.01031.x,Journal of Phycology,"37, 866-880",http://www3.interscience.wiley.com/journal/118994400/abstract
218,primary,"Pochon, X., Pawlowski, J., Zaninetta, L., Rowan, R. ",2001,High genetic diversity and relative specificity among Symbiodinium -like endosymbiotic dinoflagellates in soritid foraminiferans,paper_without_doi,10.1007/s002270100674,Marine Biology,"139, 1069-1078",http://www.springerlink.com/content/cfw2cm0tl5pft83d/?p=eb8c83718d564a3fbeb70dd9b990ef5b&pi=5
219,primary,"Stat, M., Gates, R. D.",2007,Vectored introductions of marine endosymbiotic dinoflagellates into Hawaii,paper,10.1007/s10530-007-9167-0,Biol Invasions,"10, 579-583",http://www.springerlink.com/content/vwj30gt72407051w/
220,primary,"Stat, M., Pochon, X., Cowie, R., Gates, R. D.",2009,Specificity in communities of Symbiodinium in corals from Johnston Atoll,paper,10.3354/meps08080,Marine Ecology Progress Series,"386, 83-96",http://www.int-res.com/abstracts/meps/v386/p83-96/
221,primary,"La Jeunesse, T. C., Smith, R. T., Finney, J., Oxenford, H.",2009,Outbreak and persistence of opportunistic symbiotic dinoflagellates during the 2005 Caribbean mass coral 'bleaching' event,paper,10.1098/rspb.2009.1405,Proceedings of the Royal Society B: Biological Sciences,"276, 4139-4148",http://rspb.royalsocietypublishing.org/content/276/1676/4139.full
222,primary,"Bielmyer, G., Grosell, M., Bhagooli, R., Baker, A., Langdon, C., Gillette, P., Capo, T.",2010,Differential effects of copper on three species of scleractinian corals and their algal symbionts (Symbiodinium spp.),paper,10.1016/j.aquatox.2009.12.021,Aquatic Toxicology,"97, 125-133",http://www.sciencedirect.com/science?_ob=ArticleURL&_udi=B6T4G-4Y34SP4-2&_user=10&_coverDate=04%2F15%2F2010&_rdoc=1&_fmt=high&_orig=gateway&_origin=gateway&_sort=d&_docanchor=&view=c&_searchStrId=1676866458&_rerunOrigin=google&_acct=C000050221&_version=1
223,primary,"Camargo, C., Maldonado, J. H., Alvarado, E., Moreno Sánchez, R., Mendoza, S., Manrique, N., Mogollón, A., Osorio, J. D., Grajales, A., Sánchez, J. A.",2008,Community involvement in management for maintaining coral reef resilience and biodiversity in southern Caribbean marine protected areas,paper,10.1007/s10531-008-9555-5,Biodiversity and Conservation,"18, 935-956",http://www.springerlink.com/content/f7708u1624505402/
224,primary,"Correa, A. M. S., Brandt, M. E., Smith, T. B., Thornhill, D. J., Baker, A. C.",2009,Symbiodinium associations with diseased and healthy scleractinian corals,paper,10.1007/s00338-008-0464-6,Coral Reefs,"28, 437-448",http://www.springerlink.com/content/a3t40h5061377234/
225,primary,"De Salvo, M. K., Sunagawa, S., Fisher, P. L., Voolstra, C. R., Iglesias Prieto, R., Medina, M.",2010, Coral host transcriptomic states are correlated with Symbiodinium genotypes ,paper,10.1111/j.1365-294x.2010.04534.x,Molecular Ecology,"19, 1174-1186",http://onlinelibrary.wiley.com/doi/10.1111/j.1365-294X.2010.04534.x/abstract
226,primary,"Finney, J. C., Pettay, D. T., Sampayo, E. M., Warner, M. E., Oxenford, H. A., La Jeunesse, T. C.",2010,"The Relative Significance of Host–Habitat, Depth, and Geography on the Ecology, Endemism, and Speciation of Coral Endosymbionts in the Genus Symbiodinium",paper,10.1007/s00248-010-9681-y,Microb Ecol,"60, 250-263",http://www.springerlink.com/content/lw3714t60p771p17/
227,primary,"Garren, M., Walsh, S. M., Caccone, A., Knowlton, N.",2006,Patterns of association between Symbiodinium and members of the Montastraea annularis species complex on spatial scales ranging from within colonies to between geographic regions,paper,10.1007/s00338-006-0146-1,Coral Reefs,"25, 503-512",http://www.springerlink.com/content/659185p1198uh046/fulltext.pdf
228,primary,"Kemp, D. W., Fitt, W. K., Schmidt, G. W.",2007,A microsampling method for genotyping coral symbionts,paper,10.1007/s00338-007-0333-8,Coral Reefs,"27, 289-293",http://www.springerlink.com/content/x7205145718h2322/
229,primary,"LaJeunesse, T.",2002,Diversity and community structure of symbiotic dinoflagellates from Caribbean coral reefs,paper_without_doi,10.1007/s00227-002-0829-2,Marine Biology,"141, 387-400",http://www.springerlink.com/content/4magydv1cmrgn7kr/?p=57ad39a7eb934febb450a37537b61884&pi=18
230,primary,"Thornhill, D. J., La Jeunesse, T. C., Kemp, D. W., Fitt, W. K., Schmidt, G. W.",2005,"Multi-year, seasonal genotypic surveys of coral-algal symbioses reveal prevalent stability or post-bleaching reversion",paper,10.1007/s00227-005-0114-2,Marine Biology,"148, 711-722",http://www.springerlink.com/content/b134307k478154w2/?p=68592ae107174e339f955c83b2f6c890&pi=2
231,primary,"Green, D. H., Edmunds, P. J., Pochon, X., Gates, R. D.",2010,"The effects of substratum type on the growth, mortality, and photophysiology of juvenile corals in St. John, US Virgin Islands",paper,10.1016/j.jembe.2009.12.008,Journal of Experimental Marine Biology and Ecology,"384, 18-29",http://www.sciencedirect.com/science?_ob=ArticleURL&_udi=B6T8F-4Y41SSG-2&_user=10&_coverDate=03%2F01%2F2010&_rdoc=4&_fmt=high&_orig=browse&_origin=browse&_zone=rslt_list_item&_srch=doc-info%28%23toc%235085%232010%23996159998%231720107%23FLA%23display%23V
232,primary,"Thornhill, D. J., Fitt, W. K., Schmidt, G. W.",2006,Highly stable symbioses among western Atlantic brooding corals,paper,10.1007/s00338-006-0157-y,Coral Reefs,"25, 515-519",http://www.springerlink.com/content/v567562k303739u0/fulltext.pdf
233,primary,"La Jeunesse, T. C., Smith, R., Walther, M., Pinzon, J., Pettay, D. T., Mc Ginley, M., Aschaffenburg, M., Medina Rosas, P., Cupul Magana, A. L., Perez, A. L., Reyes Bonilla, H., Warner, M. E.",2010,Host-symbiont recombination versus natural selection in the response of coral-dinoflagellate symbioses to environmental disturbance,paper,10.1098/rspb.2010.0385,Proceedings of the Royal Society B: Biological Sciences,"277, 2925-2934",""
234,primary,"Savage, A. M., Goodson, M. S., Visram, S., Trapido Rosenthal, H., Wiedenmann, J., Douglas, A. E.",2002,Molecular diversity of symbiotic algae at the latitudinal margins of their distribution: dinoflagellates of the genus Symbiodinium in corals and sea anemones,paper,10.3354/meps244017,Marine Ecology Progress Series,"244, 17-26",http://www.int-res.com/articles/meps2002/244/m244p027.pdf
235,primary,"Thornhill, D. J., Xiang, Y. u., Fitt, W. K., Santos, S. R.",2009,"Reef Endemism, Host Specificity and Temporal Stability in Populations of Symbiotic Dinoflagellates from Two Ecologically Dominant Caribbean Corals",paper,10.1371/journal.pone.0006262,PLoS ONE,"4, e6262",http://www.plosone.org/article/info%3Adoi%2F10.1371%2Fjournal.pone.0006262
236,primary,"Frade, P. R., De Jongh, F., Vermeulen, F., Van Bleijswijk, J., Bak, R. P. M.",2007,Variation in symbiont distribution between closely related coral species over large depth ranges,paper,10.1111/j.1365-294x.2007.03612.x,Molecular Ecology,"17, 691-703",http://onlinelibrary.wiley.com/doi/10.1111/j.1365-294X.2007.03612.x/abstract
238,primary,"Frade, P. R., Englebert, N., Faria, J., Visser, P. M., Bak, R. P. M.",2008,Distribution and photobiology of Symbiodinium types in different light environments for three colour morphs of the coral Madracis pharensis: is there more to it than total irradiance?,paper,10.1007/s00338-008-0406-3,Coral Reefs,"27, 913-925",http://www.springerlink.com/content/r5872v1618q05413/
239,primary,"Silverstein, R. N., Correa, A., La Jeunesse, T. C., Baker, A. C.",2011,Novel algal symbiont (Symbiodinium spp.) diversity in reef corals of Western Australia,paper,10.3354/meps08934,Marine Ecology Progress Series,"422, 63-75",http://www.int-res.com/abstracts/meps/v422/p63-75/
240,primary,"Thornhill, D. J., Kemp, D. W., Bruns, B. U., Fitt, W. K., Schmidt, G. W.",2008, CORRESPONDENCE BETWEEN COLD TOLERANCE AND TEMPERATE BIOGEOGRAPHY IN A WESTERN ATLANTIC SYMBIODINIUM (DINOPHYTA) LINEAGE 1 ,paper,10.1111/j.1529-8817.2008.00567.x,Journal of Phycology,"44, 1126-1135",""
241,primary,"Van Oppen, M. J. H., Bongaerts, P., Underwood, J. N., Peplow, L. M., Cooper, T. F.",2011,The role of deep reefs in shallow reef recovery: an assessment of vertical connectivity in a brooding coral from west and east Australia,paper,10.1111/j.1365-294x.2011.05050.x,Molecular Ecology,"20, 1647-1660",http://www.plosone.org/article/info%3Adoi%2F10.1371%2Fjournal.pone.0006262
242,primary,"Bongaerts, P., Riginos, C., Ridgway, T., Sampayo, E. M., Van Oppen, M. J. H., Englebert, N., Vermeulen, F., Hoegh Guldberg, O.",2010,Genetic Divergence across Habitats in the Widespread Coral Seriatopora hystrix and Its Associated Symbiodinium,paper,10.1371/journal.pone.0010871,PLoS ONE,"5, e10871",http://www.plosone.org/article/info:doi/10.1371/journal.pone.0010871
243,primary,"Fitt, W., Gates, R., Hoegh Guldberg, O., Bythell, J., Jatkar, A., Grottoli, A., Gomez, M., Fisher, P., Lajuenesse, T., Pantos, O., Iglesias Prieto, R., Franklin, D., Rodrigues, L., Torregiani, J., Van Woesik, R., Lesser, M.",2009,"Response of two species of Indo-Pacific corals, Porites cylindrica and Stylophora pistillata, to short-term thermal stress: The host does matter in determining the tolerance of corals to bleaching",paper,10.1016/j.jembe.2009.03.011,Journal of Experimental Marine Biology and Ecology,"373, 102-110",http://www.sciencedirect.com/science?_ob=ArticleURL&_udi=B6T8F-4W441KB-1&_user=10&_coverDate=05%2F31%2F2009&_rdoc=4&_fmt=high&_orig=browse&_origin=browse&_zone=rslt_list_item&_srch=doc-info%28%23toc%235085%232009%23996269997%231024548%23FLA%23display%23V
244,primary,"Iglesias-Prieto, R., Beltran, V. H., LaJeunesse, T. C., Reyes-Bonilla, H., Thome, P. E.",2004,Different algal symbionts explain the vertical distribution of dominant reef corals in the eastern Pacific,paper,10.1098/rspb.2004.2757,Proceedings of the Royal Society B: Biological Sciences,"271, 1757-1763",http://rspb.royalsocietypublishing.org/content/271/1549/1757.abstract
245,primary,"La Jeunesse, T. C., Loh, W. K. W., Van Woesik, R., Hoegh Guldberg, O., Schmidt, G. W., Fitt, W. K.",2003,Low symbiont diversity in southern Great Barrier Reef corals relative to those of the Caribbean,paper,10.4319/lo.2003.48.5.2046,Limnol. Oceangr.,"48, 2046-2054",http://www.aslo.org/lo/toc/vol_48/issue_5/2046.pdf
246,primary,"La Jeunesse, T., Thornhill, D., Cox, E., Stanton, F., Fitt, W., Schmidt, G.",2004,High diversity and host specificity observed among symbiotic dinoflagellates in reef coral communities from Hawaii,paper,10.1007/s00338-004-0428-4,Coral Reefs,", ",http://www.springerlink.com/content/wl15edw5jqh4n65p/fulltext.pdf
247,primary,"La Jeunesse, T. C., Bhagooli, R., Hidaka, M., De Vantier, L., Done, T., Schmidt, G. W., Fitt, W. K., Hoegh Guldberg, O.",2004,"Closely related Symbiodinium spp. differ in relative dominance in coral reef host communities across environmental, latitudinal and biogeographic gradients",paper,10.3354/meps284147,Marine Ecology Progress Series,"284, 147-161",http://www.int-res.com/articles/meps2004/284/m284p147.pdf
248,primary,"La Jeunesse, T. C.",2004,"""Species"" Radiations of Symbiotic Dinoflagellates in the Atlantic and Indo-Pacific Since the Miocene-Pliocene Transition",paper,10.1093/molbev/msi042,Molecular Biology and Evolution,"22, 570-581",http://mbe.oxfordjournals.org/cgi/reprint/22/3/570
250,primary,"La Jeunesse, T. C., Bonilla, H. R., Warner, M. E., Wills, M., Schmidt, G. W., Fitt, W. K.",2008,Specificity and stability in high latitude eastern Pacific coral-algal symbioses,paper,10.4319/lo.2008.53.2.0719,Limnol. Oceangr.,"53, 719-727",http://www.aslo.org/lo/toc/vol_53/issue_2/index.html
251,primary,"La Jeunesse, T. C., Pettay, D. T., Sampayo, E. M., Phongsuwan, N., Brown, B., Obura, D. O., Hoegh Guldberg, O., Fitt, W. K.",2010," Long-standing environmental conditions, geographic isolation and host-symbiont specificity influence the relative ecological dominance and genetic diversification of coral endosymbionts in the genus Symbiodinium ",paper,10.1111/j.1365-2699.2010.02273.x,Journal of Biogeography,"37, 785-800",""
252,primary,"Pochon, X., Stat, M., Takabayashi, M., Chasqui, L., Chauka, L. J., Logan, D. D. K., Gates, R. D.",2010,COMPARISON OF ENDOSYMBIOTIC AND FREE-LIVING SYMBIODINIUM (DINOPHYCEAE) DIVERSITY IN A HAWAIIAN REEF ENVIRONMENT1,paper,10.1111/j.1529-8817.2009.00797.x,Journal of Phycology,"46, 53-65",http://onlinelibrary.wiley.com/doi/10.1111/j.1529-8817.2009.00797.x/pdf
253,primary,"Rodriguez Lanetty, M., Hoegh Guldberg, O.",2003,"Symbiont diversity within the widespread scleractinian coral Plesiastrea versipora , across the northwestern Pacific",paper,10.1007/s00227-003-1105-9,Marine Biology,"143, 501-509",http://www.springerlink.com/content/499ahep06v250hdw/?p=d4e201c591b24cfba74e4116e58c09b7&pi=9
254,primary,"Sampayo, E. M., Franceschinis, L., Hoegh Guldberg, O., Dove, S.",2007,Niche partitioning of closely related symbiotic dinoflagellates,paper,10.1111/j.1365-294x.2007.03403.x,Molecular Ecology,"16, 3721-3733",http://www3.interscience.wiley.com/journal/117989757/abstract
255,primary,"Smith, L. W., Wirshing, H. H., Baker, A. C., Birkeland, C.",2008,Environmental versus genetic influences on growth rates of the corals Pocillopora eydouxi and Porites lobata (Anthozoa: Scleractinia) ,paper,10.2984/1534-6188(2008)62[57:EVGIOG]2.0.CO;2,Pacific Science ,"62, 57-69",http://www.bioone.org/doi/abs/10.2984/1534-6188%282008%2962%5B57%3AEVGIOG%5D2.0.CO%3B2
256,primary,"Smith, R. T., Pinzón, J. H., LaJeunesse, T. C.",2009, SYMBIODINIUM (DINOPHYTA) DIVERSITY AND STABILITY IN AQUARIUM CORALS ,paper,10.1111/j.1529-8817.2009.00730.x,Journal of Phycology,"45, 1030-1036",http://onlinelibrary.wiley.com/doi/10.1111/j.1529-8817.2009.00730.x/abstract
257,primary,"Apprill, A. M., Gates, R. D.",2006,Recognizing diversity in coral symbiotic dinoflagellate communities,paper,10.1111/j.1365-294x.2006.03214.x,Molecular Ecology,"16, 1127-1134",""
258,primary,"Barshis, D. J., Stillman, J. H., Gates, R. D., Toonen, R. J., Smith, L. W., Birkeland, C.",2010, Protein expression and genetic structure of the coral Porites lobata in an environmentally extreme Samoan back reef: does host genotype limit phenotypic plasticity? ,paper,10.1111/j.1365-294X.2010.04574.x,Molecular Ecology,"19, 1705-1720",http://onlinelibrary.wiley.com/doi/10.1111/j.1365-294X.2010.04574.x/abstract
259,primary,"Stat, M., Loh, W. K. W., Hoegh Guldberg, O., Carter, D. A.",2008,Symbiont acquisition strategy drives host–symbiont associations in the southern Great Barrier Reef,paper,10.1007/s00338-008-0412-5,Coral Reefs,"27, 763-772",http://www.springerlink.com/content/30u066wp65p4t3w5/
260,primary,"Stat, M., Bird, C. E., Pochon, X., Chasqui, L., Chauka, L. J., Concepcion, G. T., Logan, D., Takabayashi, M., Toonen, R. J., Gates, R. D.",2011,Variation in Symbiodinium ITS2 Sequence Assemblages among Coral Colonies,paper,10.1371/journal.pone.0015854,PLoS ONE,"6, e15854",http://www.plosone.org/article/info%3Adoi%2F10.1371%2Fjournal.pone.0015854
261,primary,"Sampayo, E. M., Ridgway, T., Bongaerts, P., Hoegh Guldberg, O.",2008,Bleaching susceptibility and mortality of corals are determined by fine-scale differences in symbiont type,paper,10.1073/pnas.0708049105,Proceedings of the National Academy of Sciences,"105, 10444-10449",http://www.pnas.org/content/105/30/10444.abstract
262,primary,"Macdonald, A. H. H., Sampayo, E. M., Ridgway, T., Schleyer, M. H.",2008,Latitudinal symbiont zonation in Stylophora pistillata from southeast Africa,paper,10.1007/s00227-008-0915-1,Marine Biology,"154, 209-217",http://www.springerlink.com/content/ux5136h03707467t/
263,primary,"Brown, B. E., Dunne, R. P., Goodson, M. S., Douglas, A. E.",2000,Marine ecology: Bleaching patterns in reef corals,paper,10.1038/35004657,Nature,"404, 142-143",http://www.nature.com/nature/journal/v404/n6774/abs/404142b0.html
264,primary,"Santos, S. R., Kinzie, R. A., Sakai, K., Coffroth, M. A.",2003,"Molecular Characterization of Nuclear Small Subunit (ISS)-rDNA Pseudogenes in a Symbiotic Dinoflagellate (Symbiodinium, Dinophyta)",paper,10.1111/j.1550-7408.2003.tb00264.x,The Journal of Eukaryotic Microbiology,"50, 417-421",http://www3.interscience.wiley.com/journal/118893313/abstract
265,primary,"Baillie, B. K., Belda-Baillie, C. A., Maruyama, T.",2000,CONSPECIFICITY AND INDO-PACIFIC DISTRIBUTION OF SYMBIODINIUM GENOTYPES (DINOPHYCEAE) FROM GIANT CLAMS,paper,10.1046/j.1529-8817.2000.00010.x,Journal of Phycology,"36, 1153-1161",http://www3.interscience.wiley.com/journal/120697710/abstract
266,primary,"Dove, S.",2004,Scleractinian corals with photoprotective host pigments are hypersensitive to thermal bleaching,paper,10.3354/meps272099,Marine Ecology Progress Series,"272, 99-116",http://www.int-res.com/articles/meps2004/272/m272p099.pdf
267,primary,"Hunter, C. L., Morden, C. W., Smith, C. M.",1997, The utility of ITS sequences in assessing relationships among zooxanthellae and coral ,conference_proceedings,"",Proceedings of the 8th International Coral Ref Symposium,"Vol 2, 1599-1602",http://www.reefbase.org/resource_center/publication/icrs.aspx
268,primary,"Santos, S. R., Taylor, D. J., Coffroth, M. A.",2001,GENETIC COMPARISONS OF FRESHLY ISOLATED VERSUS CULTURED SYMBIOTIC DINOFLAGELLATES: IMPLICATIONS FOR EXTRAPOLATING TO THE INTACT SYMBIOSIS,paper,10.1046/j.1529-8817.2001.00194.x,Journal of Phycology,"37, 900-912",http://www3.interscience.wiley.com/journal/118994416/abstract
269,primary,"Suresh, V. R., Mathew, K. J.",1995,"Growth of staghorn coral Acropora aspera (Dana) (Scleractinia: Acropridae) in relation to environmental factors at Kavaratti atoll (Lakshadweep Islands), India",paper,"",Indian Journal of Marine Sciences,"24, 175-176",""
270,primary,"Stimson, J.",1985,The Effect of Shading by the Table Coral Acropora Hyacinthus on Understory Corals,paper,10.2307/1941305,Ecology,"66, 40",""
273,primary,"Babcock, R. C.",1991,Comparative Demography of Three Species of Scleractinian Corals Using Age- and Size-Dependent Classifications,paper,10.2307/2937107,Ecological Monographs,"61, 225",""
274,primary,"Marsh, L. M.",1992,"The Occurrence and Growth of Acropora in Extra-tropical Waters off Perth, Western Australia",conference_proceedings,"","Proceedings of the Seventh International Coral Reef Symposium, Guam, 1992","2, 1233-1238",""
275,primary,"Highsmith, R. C.",1979,Coral growth rates and environmental control of density banding,paper,10.1016/0022-0981(79)90089-3,Journal of Experimental Marine Biology and Ecology,"37, 105-125",""
276,primary,"Buddemeier, R., Maragos, J., Knutson, D.",1974,Radiographic studies of reef coral exoskeletons: Rates and patterns of coral growth,paper,10.1016/0022-0981(74)90024-0,Journal of Experimental Marine Biology and Ecology,"14, 179-199",""
277,primary,"Gomez, E. D., Alcala, A. C., Yap, H. T., Alcala, L. C., Aline, P. M.",1985,Growth studies of commercially important scleractinians,conference_proceedings,"","Proceedings of the Fifth International Coral Reef Congress, Tahiti",199-204,""
278,primary,"Dustan, P.",1975,Growth and form in the reef-building coral Montastrea annularis,paper,10.1007/bf00390714,Marine Biology,"33, 101-107",""
279,primary,"Graus, R. R., Mcintyre, I. G.",1982,Variation in growth forms of the reef coral Montastrea annularis (Ellis and Solander): a quantitative evaluation of growth response to light distribution using computer simulation,paper,"",Smithsonian Contributions to Marine Sciences,"12, 441-464",""
280,primary,"Willis, B. L.",1985,Phenotypic plasticity versus phenotypic stability in the reef corals Turbinaria mesenterina and Pavona cactus,conference_proceedings,"","Proceedings of the Fifth International Coral Reef Congress, Tahiti",107-112,""
298,primary,"Neudecker, S.",1981,Growth and survival of scleractinian corals exposed to thermal effluents at Guam,conference_proceedings,"",Proc 4th Int Coral reef Symp,"1,173-180",""
299,primary,"Custodio Iii., H. M., Yap, H. T.",1997,Skeletal extension rates of Porites cylindrica and Porites (Synaraea) rus after transplantation to two depths,paper,10.1007/s003380050083,Coral Reefs,"16, 267-268",""
300,primary,"Rosenfeld, M., Yam, R., Shemesh, A., Loya, Y.",2003,Implication of water depth on stable isotope composition and skeletal density banding patterns in a Porites lutea colony: results from a long-term translocation experiment,paper,10.1007/s00338-003-0333-2,Coral Reefs,"22, 337-345",""
302,primary,"Stearn, C. W., Scoffin, T. P., Martindale, W.",1977,Calcium carbonate budget of a fringing reef on the west coast of Barbados,paper,"",Bulletin of Marine Science,"27,479-510",""
331,primary,"Crabbe, M. J. C., Smith, D. J.",2005,"Sediment impacts on growth rates of Acropora and Porites corals  from fringing reefs of Sulawesi, Indonesia",paper,DOI 10.1007/s00338-005-0004-6,Coral Reefs,"24, 437-441",""
332,primary,"Lirman, D.",2000,"Fragmentation in the branching coral Acropora palmata (Lamarck): growth, survivorship, and reproduction of colonies and fragments",paper,10.1016/s0022-0981(00)00205-7,Journal of Experimental Marine Biology and Ecology,"251, 41-57",""
338,primary,"Atkinson, M. J., Carlson, B., Crow, G. L.",1995,"Coral growth in high-nutrient, low-pH seawater: a case study of corals cultured at the Waikiki Aquarium, Honolulu, Hawaii",paper,10.1007/BF00334344,Coral Reefs,"14, 215-223",Experimental context for growth rate measurements are not given with data. Needs fixing or delete.
341,primary,"Bak, R. P. M., Nieuwland, G., Meesters, E. H.",2009,Coral growth rates revisited after 31 years: What is causing lower extension rates in Acropora palmata?,paper,"",Bulletin of Marine Science,"84, 287-294","This publication substitutes the same title publication Bak RPM, Meesters EH 1999 American Zoologist because it uses the same dataset."
344,primary,"Bongiorni, L., Shafir, S., Angel, D., Rinkevich, B.",2003,"Survival, growth and gonad development of two hermatypic corals subjected to in situ fish-farm nutrient enrichment",paper,10.3354/meps253137,Marine Ecology Progress Series,"253, 137-144",""
347,primary,"Brown, B., Sya'rani, L., Le Tissier, M.",1985,"Skeletal form and growth in Acropora aspera (Dana) from the Pulau Seribu, Indonesia",paper,10.1016/0022-0981(85)90027-9,Journal of Experimental Marine Biology and Ecology,"86, 139-150",""
349,primary,"Burgess, S. N., Mc Culloch, M. T., Mortimer, G. E., Ward, T. M.",2009,Structure and growth rates of the high-latitude coral: Plesiastrea versipora,paper,10.1007/s00338-009-0533-5,Coral Reefs,"28, 1005-1015",""
350,primary,"Cantin, N. E., Cohen, A. L., Karnauskas, K. B., Tarrant, A. M., Mc Corkle, D. C.",2010,Ocean Warming Slows Coral Growth in the Central Red Sea,paper,10.1126/science.1190182,Science,"329, 322-325",""
352,primary,"Carricart Ganivet, J. P.",2004,Sea surface temperature and the growth of the West Atlantic reef-building coral Montastraea annularis,paper,10.1016/j.jembe.2003.10.015,Journal of Experimental Marine Biology and Ecology,"302, 249-260",""
353,primary,"Castillo, K. D., Ries, J. B., Weiss, J. M.",2011,"Declining Coral Skeletal Extension for Forereef Colonies of Siderastrea siderea on the Mesoamerican Barrier Reef System, Southern Belize",paper,10.1371/journal.pone.0014615,PLoS ONE,"6, e14615",""
354,primary,"Chadwick Furman, N. E., Goffredo, S., Loya, Y.",2000,"Growth and population dynamic model of the reef coral Fungia granulosa Klunzinger, 1879 at Eilat, northern Red Sea",paper,10.1016/S0022-0981(00)00204-5,Journal of Experimental Marine Biology and Ecology,"249, 199-218",""
359,primary,"Cox, E. F.",1986,The effects of a selective corallivore on growth rates and competition for space between two species of Hawaiian corals,paper,10.1016/0022-0981(86)90047-X,Journal of Experimental Marine Biology and Ecology,"101, 161-174",""
361,primary,"Crabbe, M.",2010,Topography and spatial arrangement of reef-building corals on the fringing reefs of North Jamaica may influence their response to disturbance from bleaching,paper,10.1016/j.marenvres.2009.09.007,Marine Environmental Research,"69, 158-162",""
362,primary,"Crabbe, M.",2009,Scleractinian coral population size structures and growth rates indicate coral resilience on the fringing reefs of North Jamaica,paper,10.1016/j.marenvres.2009.01.003,Marine Environmental Research,"67, 189-198","Growth rates for Agaricia ""species"" were not entered."
367,primary,"Dikou, A.",2009," Skeletal linear extension rates of the foliose scleractinian coral Merulina ampliata (Ellis & Solander, 1786) in a turbid environment ",paper,10.1111/j.1439-0485.2009.00295.x,Marine Ecology,"30, 405-415",""
369,primary,"Domart Coulon, I. J., Traylor Knowles, N., Peters, E., Elbert, D., Downs, C. A., Price, K., Stubbs, J., Mc Laughlin, S., Cox, E., Aeby, G., Brown, P. R., Ostrander, G. K.",2006,Comprehensive characterization of skeletal tissue growth anomalies of the finger coral Porites compressa,paper,10.1007/s00338-006-0133-6,Coral Reefs,"25, 531-543",""
371,primary,"Geneid, Y., Ebeid, M., Hassan, M.",2009,Response to Increased Sediment Load by Three Coral Species from the Gulf of Suez (Red Sea),paper,10.3923/jfas.2009.238.245,Journal of Fisheries and Aquatic Science,"4, 238-245",""
373,primary,"Edinger, E. N., Limmon, G. V., Jompa, J., Widjatmoko, W., Heikoop, J. M., Risk, M. J.",2000,Normal Coral Growth Rates on Dying Reefs: Are Coral Growth Rates Good Indicators of Reef Health?,paper,10.1016/s0025-326x(99)00237-4,Marine Pollution Bulletin,"40, 404-425",""
375,primary,"Elizalde Rendón, E. M., Horta Puga, G., González Diaz, P., Carricart Ganivet, J. P.",2010,Growth characteristics of the reef-building coral Porites astreoides under different environmental conditions in the Western Atlantic,paper,10.1007/s00338-010-0604-7,Coral Reefs,"29, 607-614",""
378,primary,"Ferse, S. C. A., Kunzmann, A.",2009,Effects of Concrete-Bamboo Cages on Coral Fragments: Evaluation of a Low-Tech Method Used in Artisanal Ocean-Based Coral Farming,paper,10.1080/10454430802694538,Journal of Applied Aquaculture,"21, 31-49",""
379,primary,"Forsman, Z. H., Birkeland, C.",2009,"Porites randalli: A new coral species (Scleractinia, Poritidae) from American Samoa",paper,"",Zootaxa,"",""
380,primary,"Gateño, D., León, A., Barki, Y., Cortés, J., Rinkevich, B.",2003,Skeletal tumor formations in the massive coral Pavona clavus,paper,10.3354/meps258097,Marine Ecology Progress Series,"258, 97-108",""
385,primary,"Grottoli, A. G.",1999,"Variability of stable isotopes and maximum linear extension in reef-coral skeletons at Kaneohe Bay, Hawaii",paper,10.1007/s002270050644,Marine Biology,"135, 437-449",""
386,primary,"Guzmán, H. M., Tudhope, A. W.",1998,Seasonal variation in skeletal extension rate and stable isotopic (13C/12C and 18O/16O) composition in response to several environmental variables in the Caribbean reef coral Siderastrea siderea,paper,10.3354/meps166109,Marine Ecology Progress Series,"166, 109-118",""
388,primary,"Guzman, H. M., Cortes, J.",1989,Growth rates of eight species of scleractinian corals in the Eastern Pacific (Costa Rica),paper,"",Bulletin of Marine Science,"44, 1186-1194",""
393,primary,"Heiss, G. A.",1995,"Carbonate production by scleractinian corals at Aqaba, Gulf of Aqaba, Red Sea",paper,10.1007/BF02537443,Facies,"33, 19-34",""
397,primary,"Hudson, J. H., Goodwin, W. B.",1997,"Restoration and growth rate of hurricane damaged pillar coral (Dendrogyra cylindrus) in the Key Largo National Marine Sanctuary, Florida",paper,"",Proceedings of the 8th International Coral Reef Symposium,"",""
399,primary,"Huston, M.",1985,"Variation in coral growth rates with depth at Discovery Bay, Jamaica",paper,10.1007/BF00302200,Coral Reefs,"4, 19-25",""
400,primary,"Jimenez, C., Cortes, J.",2003,"Growth of seven species of scleractinian corals in an upwelling environment of the eastern Pacific (Golfo de Papagayo, Costa Rica)",paper,"",Bulletin of Marine Science,"72, 187-198",""
402,primary,"Klein, R., Loya, Y.",1991,"Skeletal growth and density patterns of two Pontes corals from the Gulf of Eilat, Red Sea",paper,10.3354/meps077253,Marine Ecology Progress Series,"77, 253-259",""
403,primary,"Knittweis, L., Jompa, J., Richter, C., Wolff, M.",2009,"Population dynamics of the mushroom coral Heliofungia actiniformis in the Spermonde Archipelago, South Sulawesi, Indonesia",paper,10.1007/s00338-009-0513-9,Coral Reefs,"28, 793-804",""
405,primary,"Lam, K. K. Y.",2000,Coral transplantation onto a stabilised puverised ash substratum,paper,"",Asian Marine Biology,"17, 25-41",""
406,primary,"Liberman, T., Genin, A., Loya, Y.",1995,Effects on growth and reproduction of the coral Stylophora pistillata by the mutualistic damselfish Dascyllus marginatus,paper,10.1007/BF00349310,Marine Biology,"121, 741-746",""
408,primary,"Logan, A., Tomascik, T.",1991,Extension growth rates in two coral species from high-latitude reefs of Bermuda,paper,10.1007/bf00572174,Coral Reefs,"10, 155-160",""
411,primary,"Manzello, D. P.",2010,Coral growth with thermal stress and ocean acidification: lessons from the eastern tropical Pacific,paper,10.1007/s00338-010-0623-4,Coral Reefs,"29, 749-758",""
414,primary,"Martin, D., Le Tissier, A.",1988,The growth and formation of branch tips of Pocillopora damicornis (Linnaeus),paper,10.1016/0022-0981(88)90115-3,Journal of Experimental Marine Biology and Ecology,"124, 115-131",""
415,primary,"Mass, T., Genin, A.",2008,Environmental versus intrinsic determination of colony symmetry in the coral Pocillopora verrucosa,paper,10.3354/meps07578,Marine Ecology Progress Series,"369, 131-137",""
418,primary,"Mendes, J.",2004,Timing of skeletal band formation in Montastraea annularis: Relationship to environmental and endogenous factors,paper,"",Bulletin of Marine Science,"",""
419,primary,"Mendes, J. M., Woodley, J. D.",2002,"Effect of the 1995-1996 bleaching event on polyp tissue depth, growth, reproduction and skeletal band formation in Montastraea annularis",paper,10.3354/meps235093,Marine Ecology Progress Series,"235, 93-102",""
421,primary,"Mitsuguchi, T., Matsumoto, E., Uchida, T.",2003,Mg/Ca and Sr/Ca ratios of Porites coral skeleton: Evaluation of the effect of skeletal growth rate,paper,10.1007/s00338-003-0326-1,Coral Reefs,"22, 381-388",""
422,primary,"Moore, W. S., Krishnaswami, S.",1972,Coral growth rates using228Ra and210Pb,paper,10.1016/0012-821X(72)90059-3,Earth and Planetary Science Letters,"15, 187-190",""
429,primary,"Richmond, R. H.",1987,"Energetic relationships and biogeographical differences among fecundity, growth and reproduction in the reef coral Pocillopora damicornis",paper,"",Bulletin of Marine Science,"41, 594-604",""
430,primary,"Rodgers, K., Cox, E., Newtson, C.",2003,Effects of Mechanical Fracturing and Experimental Trampling on Hawaiian Corals,paper,10.1007/s00267-002-2831-3,Environmental Management,"31, 377-384",""
431,primary,"Romano, S. L.",1990,Long-term effects of interspecific aggression on growth of the reef-building corals Cyphastrea ocellina (Dana) and Pocillopora damicomis (Linnaeus),paper,10.1016/0022-0981(90)90087-s,Journal of Experimental Marine Biology and Ecology,"140, 135-146",""
439,primary,"Tomascik, T., Sander, F.",1985,Effects of eutrophication on reef-building corals,paper,10.1007/BF00539422,Mar. Biol.,"87, 143-155",""
440,primary,"Torres, J. L., Armstrong, R. A., Corredor, J. E., Gilbes, F.",2007,Physiological Responses of Acropora cervicornis to Increased Solar Irradiance†,paper,10.1562/2006-09-01-RA-1025,Photochemistry and Photobiology,"83, 839-850",""
447,primary,"Ward, S.",1995,"The effect of damage on the growth, reproduction and storage of lipids in the scleractinian coral Pocillopora damicornis (Linnaeus)",paper,10.1016/0022-0981(94)00180-L,Journal of Experimental Marine Biology and Ecology,"187, 193-206","I managed to get the growth rate by each experimental damage treatment, but the physiological traits are hard to extract. For example, reproductive output was measured as the number of larvae captured, but not standardised by area from where larvae were collected (it was stated “portions of colonies”), so I don’t know what unit to use. The lipid content is similar. The plot shows the “percentage of tissue of colonies made up by lipid”..  But the lipid content trait in the database has a standard unit of Density (mg cm^-2)."
454,primary,"Wellington, G. M., Glynn, P. W.",1983,Environmental influences on skeletal banding in eastern Pacific (Panama) corals,paper,10.1007/BF00304418,Coral Reefs,"1, 215-222",""
455,primary,"Yap, H. T., Gomez, E. D.",1985,Growth of Acropora pulchra,paper,10.1007/BF00539430,Mar. Biol.,"87, 203-209",""
458,primary,"Shaish, L., Levy, G., Katzir, G., Rinkevich, B.",2010,"Employing a highly fragmented, weedy coral species in reef restoration",paper,10.1016/j.ecoleng.2010.06.022,Ecological Engineering,"36, 1424-1432",""
460,primary,"Suresh, V. R., Mathew, K. J.",1993,Skeletal extension of staghorn coral Acropora formosa in relation to environment at Kavaratti atoll (Lakshadweep),paper,"",Indian Journal of Marine Sciences,"22, 176-179",""
461,primary,"Schneider, K., Erez, J.",2006,The effect of carbonate chemistry on calcification and photosynthesis in the hermatypic coral Acropora eurystoma,paper,10.4319/lo.2006.51.3.1284,Limnol. Oceangr.,"51, 1284-1293",""
462,primary,"Muehllehner, N.",2008,Growth and morphology in Acropora under increasing carbon dioxide and the effect of increased temperature and carbon dioxide on the photosynthesis and growth of Porites rus and Pocillopora meandrina,thesis,"","Thesis California State University, Northridge",98 pp,""
463,primary,"Chauvin, A., Denis, V., Cuet, P.",2011,Is the response of coral calcification to seawater acidification related to nutrient loading?,paper,10.1007/s00338-011-0786-7,Coral Reefs,"30, 911-923",""
466,primary,"Anthony, K. R., Fabricius, K. E.",2000,Shifting roles of heterotrophy and autotrophy in coral energetics under varying turbidity,paper,10.1016/s0022-0981(00)00237-9,Journal of Experimental Marine Biology and Ecology,"252, 221-253",""
467,primary,"Marubini, F., Davies, P. S.",1996,Nitrate increases zooxanthellae population density and reduces skeletogenesis in corals,paper,10.1007/bf00942117,Mar. Biol.,"127, 319-328",""
468,primary,"Cox, W. W.",1971,The relation of temperature to calcificaton in Montipora verrucosa,thesis,"",Thesis Loma Linda University,pp 29,""
469,primary,"Edmunds, P. J.",2005,The effect of sub-lethal increases in temperature on the growth and population trajectories of three scleractinian corals on the southern Great Barrier Reef,paper,10.1007/s00442-005-0210-5,Oecologia,"146, 350-364",""
470,primary,"Clausen, C. D., Roth, A. A.",1975,Effect of temperature and temperature adaptation on calcification rate in the hermatypic coral Pocillopora damicornis,paper,10.1007/bf00390713,Marine Biology,"33, 93-100",""
472,primary,"Marubini, F., Barnett, H., Langdon, C., Atkinson, M. J.",2001,Dependence of calcification on light and carbonate ion concentration for the hermatypic coral Porites compressa,paper,10.3354/meps220153,Marine Ecology Progress Series,"220, 153-162",""
473,primary,"Smith, L. W., Barshis, D., Birkeland, C.",2007,"Phenotypic plasticity for skeletal growth, density and calcification of Porites lobata in response to habitat type",paper,10.1007/s00338-007-0216-z,Coral Reefs,"26, 559-567",Juli went back and entered some growth rates and skeletal densities that were not initially entered.
474,primary,"Ohde, S., Mozaffar Hossain, M. M.",2004,Effect of CaCO3 (aragonite) saturation state of seawater on calcification of Porites coral,paper,10.2343/geochemj.38.613,Geochem. J.,"38, 613-621",""
475,primary,"Hossain, M. M. M., Ohde, S.",2006,Calcification of cultured Porites and Fungia under different aragonite saturation states of seawater,paper,"",Proceedings of the 10th International Coral Reef Symposium,597-606,""
476,primary,"Edmunds, P. J., Brown, D., Moriarty, V.",2012,"Interactive effects of ocean acidification and temperature on two scleractinian corals from Moorea, French Polynesia",paper,10.1111/j.1365-2486.2012.02695.x,Glob Change Biol,"18, 2173-2183",""
477,primary,"Scoffin, T. P., Tudhope, A. W., Brown, B. E., Chansang, H., Cheeney, R. F.",1992,"Patterns and possible environmental controls of skeletogenesis of Porites lutea, South Thailand",paper,10.1007/bf00291929,Coral Reefs,"11, 1-11",""
478,primary,"Tanzil, J. T. I., Brown, B. E., Tudhope, A. W., Dunne, R. P.",2009,"Decline in skeletal growth of the coral Porites lutea from the Andaman Sea, South Thailand between 1984 and 2005",paper,10.1007/s00338-008-0457-5,Coral Reefs,"28, 519-528",""
479,primary,"Herfort, L., Thake, B., Taubner, I.",2008,BICARBONATE STIMULATION OF CALCIFICATION AND PHOTOSYNTHESIS IN TWO HERMATYPIC CORALS,paper,10.1111/j.1529-8817.2007.00445.x,Journal of Phycology,"44, 91-98",""
480,primary,"Marubini, F., Thake, B.",1999,Bicarbonate addition promotes coral growth,paper,10.4319/lo.1999.44.3.0716,Limnol. Oceangr.,"44, 716-720",""
482,primary,"Horst, G. P.",2004,Effects of temperature and CO2 variation on calcification and photosynthesis of two branching reef corals,thesis,"","Unpublished MS thesis, California State University, Northridge. ","",""
492,primary,"Patterson, M. R., Sebens, K. P., Olson, R. R.",1991,In situ measurements of flow effects on primary production and dark respiration in reef corals,paper,10.4319/lo.1991.36.5.0936,Limnol. Oceangr.,"36, 936-948",""
495,primary,"Quan Young, L. I., Espinoza Avalos, J.",2006," Reduction of zooxanthellae density, chlorophyll a concentration, and tissue thickness of the coral Montastraea faveolata (Scleractinia) when competing with mixed turf algae ",paper,10.4319/lo.2006.51.2.1159,Limnol. Oceanogr.,"51, 1159-1166",""
497,primary,"Rodrigues, L. J., Grottoli, A. G.",2007,Energy reserves and metabolism as indicators of coral recovery from bleaching,paper,10.4319/lo.2007.52.5.1874,Limnol. Oceangr.,"52, 1874-1882",""
502,primary,"Anthony, K. R. N., Hoegh Guldberg, O.",2003,"Variation in coral photosynthesis, respiration and growth characteristics in contrasting light microhabitats: an analogue to plants in forest gaps and understoreys?",paper,10.1046/j.1365-2435.2003.00731.x,Functional Ecology,"17, 246-259",""
503,primary,"D’croz, L., Maté, J. L.",2004,Experimental responses to elevated water temperature in genotypes of the reef coral Pocillopora damicornis from upwelling and non-upwelling environments in Panama,paper,10.1007/s00338-004-0397-7,Coral Reefs,"23, 473-483",http://link.springer.com/article/10.1007%2Fs00338-004-0397-7
504,primary,"Schlöder, C., D'croz, L.",2004,Responses of massive and branching coral species to the combined effects of water temperature and nitrate enrichment,paper,10.1016/j.jembe.2004.08.012,Journal of Experimental Marine Biology and Ecology,"313, 255-268",""
506,primary,"Iguchi, A., Ozaki, S., Nakamura, T., Inoue, M., Tanaka, Y., Suzuki, A., Kawahata, H., Sakai, K.",2012,Effects of acidified seawater on coral calcification and symbiotic algae on the massive coral Porites australiensis,paper,10.1016/j.marenvres.2011.10.008,Marine Environmental Research,"73, 32-36",""
507,primary,"Rex, A., Montebon, F., Yap, H. T.",1995,Metabolic responses of the scleractinian coral Porites cylindrica Dana to water motion. I. Oxygen flux studies,paper,10.1016/0022-0981(95)00150-p,Journal of Experimental Marine Biology and Ecology,"186, 33-52",""
511,primary,"Roder, C., Jantzen, C., Schmidt, G. M., Kattner, G., Phongsuwan, N., Richter, C.",2011,Metabolic plasticity of the corals Porites lutea and Diploastrea heliopora exposed to large amplitude internal waves,paper,10.1007/s00338-011-0722-x,Coral Reefs,"30, 57-69",""
512,primary,"Gladfelter, E. H., Manahan, R. K., Gladfelter, W. B.",1978,Growth rates of five reef-building corals in the Northeastern Caribbean,paper,"",Bulletin of Marine Science,"28, 728-734",""
513,primary,"Gladfelter, E. H.",1984,Skeletal development in Acropora cervicornis,paper,10.1007/BF00306140,Coral Reefs,"3, 51-57","This doi is for part III. ""Skeletal development in Acropora cervicornis: III. A comparison of monthly rates of linear extension and calcium carbonate accretion measured over a year"""
514,primary,"Charuchinda, M., Hylleberg, J.",1984,Skeletal extension of Acropora formosa at a fringing reef in the Andaman Sea,paper,10.1007/BF00288257,Coral Reefs,"3, 215-219",""
519,primary,"Jokiel, P. L., Rodgers, K. S., Kuffner, I. B., Andersson, A. J., Cox, E. F., Mackenzie, F. T.",2008,Ocean acidification and calcifying reef organisms: a mesocosm investigation,paper,10.1007/s00338-008-0380-9,Coral Reefs,"27, 473-483",""
520,primary,"Hudson, J. H.",1981,"Growth rates in Montastrea annularis: a record of environmental change in Key Largo Coral Reef Marine Sanctuary, Florida",paper,10.1016/0198-0254(81)91549-1,Bulletin of Marine Science,"31, 444-459",""
522,primary,"Cruz-Pi��n, G., Carricart-Ganivet, J. P., Espinoza-Avalos, J.",2003,Monthly skeletal extension rates of the hermatypic corals Montastraea annularis and Montastraea faveolata : biological and environmental controls,paper,10.1007/s00227-003-1127-3,Marine Biology,"143, 491-500",""
523,primary,"Suzuki, A., Hibino, K., Iwase, A., Kawahata, H.",2005,Intercolony variability of skeletal oxygen and carbon isotope signatures of cultured Porites corals: Temperature-controlled experiments,paper,10.1016/j.gca.2005.05.018,Geochimica et Cosmochimica Acta,"69, 4453-4462",""
524,primary,"Linsley, B. K., Messier, R. G., Dunbar, R. B.",1999,Assessing between-colony oxygen isotope variability in the coral Porites lobata at Clipperton Atoll,paper,10.1007/s003380050148,Coral Reefs,"18, 13-27",""
525,primary,"Bessat, F., Buigues, D.",2001,Two centuries of variation in coral growth in a massive Porites colony from Moorea (French Polynesia): a response of ocean-atmosphere variability from south central Pacific,paper,10.1016/s0031-0182(01)00381-9,"Palaeogeography, Palaeoclimatology, Palaeoecology","175, 381-392",""
531,primary,"Middlebrook, R., Anthony, K. R. N., Hoegh Guldberg, O., Dove, S.",2010,Heating rate and symbiont productivity are key factors determining thermal stress in the reef-building coral Acropora formosa,paper,10.1242/jeb.031633,Journal of Experimental Biology,"213, 1026-1034",""
532,primary,"Leuzinger, S., Anthony, K. R. N., Willis, B. L.",2003,Reproductive energy investment in corals: scaling with module size,paper,10.1007/s00442-003-1305-5,Oecologia,"136, 524-531",""
533,primary,"Porter, J. W., Fitt, W. K., Spero, H. J., Rogers, C. S., White, M. W.",1989,Bleaching in reef corals: Physiological and stable isotopic responses,paper,10.1073/pnas.86.23.9342,Proceedings of the National Academy of Sciences,"86, 9342-9346",http://www.pnas.org/content/86/23/9342.full.pdf
534,primary,"Fitt, W. K., Spero, H. J., Halas, J., White, M. W., Porter, J. W.",1993,Recovery of the coral Montastrea annularis in the Florida Keys after the 1987 Caribbean ?bleaching event?,paper,10.1007/BF00302102,Coral Reefs,"12, 57-64",http://link.springer.com/article/10.1007%2FBF00302102
536,primary,"Wilkerson, F. P., Kobayashi, D., Muscatine, L.",1988,Mitotic index and size of symbiotic algae in Caribbean Reef corals,paper,10.1007/bf00301979,Coral Reefs,"7, 29-36",""
537,primary,"Jones, R. J., Yellowlees, D.",1997,Regulation and control of intracellular algae (= zooxanthellae) in hard corals,paper,10.1098/rstb.1997.0033,Philosophical Transactions of the Royal Society B: Biological Sciences,"352, 457-468",""
538,primary,"Jones, R. J.",1997,Zooxanthellae loss as a bioassay for assessing stress in corals,paper,10.3354/meps149163,Marine Ecology Progress Series,"149, 163-171",""
539,primary,"Roff, G., Kvennefors, E. C. E., Ulstrup, K. E., Fine, M., Hoegh Guldberg, O.",2007,Coral disease physiology: the impact of Acroporid white syndrome on Symbiodinium,paper,10.1007/s00338-007-0339-2,Coral Reefs,"27, 373-377",""
540,primary,"Stimson, J., Sakai, K., Sembali, H.",2002,Interspecific comparison of the symbiotic relationship in corals with high and low rates of bleaching-induced mortality,paper,10.1007/s00338-002-0264-3, Coral Reefs,"21, 409-421",""
542,primary,"Gleason, D. F.",1993,Differential effects of ultraviolet radiation on green and brown morphs of the Caribbean coral Porites astreoides,paper,10.4319/lo.1993.38.7.1452,Limnol. Oceangr.,"38, 1452-1463",""
555,primary,"Edmunds, P. J., Davies, P. S.",1986,An energy budget for Porites porites (Scleractinia),paper,10.1007/BF00392674,Marine Biology,"92, 339-347",""
556,primary,"Edmunds, P. J., Gates, R. D.",2002,Normalizing physiological data for scleractinian corals,paper,10.1007/s00338-002-0214-0,Coral Reefs,"21, 193-197",""
557,primary,"Middlebrook, R., Hoegh Guldberg, O., Leggat, W.",2008,The effect of thermal history on the susceptibility of reef-building corals to thermal stress,paper,10.1242/jeb.013284,Journal of Experimental Biology,"211, 1050-1056",""
558,primary,"Li, S., Yu, K., Shi, Q. i., Chen, T., Zhao, M., Zhao, J.",2008,Interspecies and spatial diversity in the symbiotic zooxanthellae density in corals from northern South China Sea and its relationship to coral reef bleaching,paper,10.1007/s11434-007-0514-4,Chinese Science Bulletin,"53, 295-303",http://link.springer.com/article/10.1007%2Fs11434-007-0514-4
559,primary,"Fagoonee, I.",1999,The Dynamics of Zooxanthellae Populations: A Long-Term Study in the Field,paper,10.1126/science.283.5403.843,Science,"283, 843-845",""
560,primary,"Strychar, K. B., Coates, M., Sammarco, P. W.",2004," Loss of Symbiodinium from bleached Australian scleractinian corals ( Acropora hyacinthus , Favites complanata and Porites solida ) ",paper,10.1071/mf03080,Mar. Freshwater Res.,"55, 135","The Strychar et al. paper (id: 560) say that also collected at Outer Rocks (near Barren Island, QLD), but can't find Outer Rocks and their coords are wrong in the paper."
561,primary,"Chen, C. A., Wang, J. T., Fang, L. S., Yang, Y. W.",2005,Fluctuating algal symbiont communities in Acropora palifera (Scleractinia: Acroporidae) from Taiwan,paper,10.3354/meps295113,Marine Ecology Progress Series,"295, 113-121",""
562,primary,"De Salvo, M. K., Sunagawa, S., Voolstra, C. R., Medina, M.",2010,Transcriptomic responses to heat stress and bleaching in the elkhorn coral Acropora palmata,paper,10.3354/meps08372,Marine Ecology Progress Series,"402, 97-113",""
564,primary,"Okamoto, M., Nojima, S., Furushima, Y., Nojima, H.",2005,Evaluation of coral bleaching condition in situ using an underwater pulse amplitude modulated fluorometer,paper,10.1111/j.1444-2906.2005.01036.x,Fisheries Science,"71, 847-854",""
565,primary,"Stimson, J., Kinzie, R. A.",1991,The temporal pattern and rate of release of zooxanthellae from the reef coral Pocillopora damicornis (Linnaeus) under nitrogen-enrichment and control conditions,paper,10.1016/s0022-0981(05)80006-1,Journal of Experimental Marine Biology and Ecology,"153, 63-74",""
566,primary,"Ulstrup, K. E., Berkelmans, R., Ralph, P. J., Van Oppen, M.",2006,Variation in bleaching sensitivity of two coral species across a latitudinal gradient on the Great Barrier Reef: the role of zooxanthellae,paper,10.3354/meps314135,Marine Ecology Progress Series,"314, 135-148",""
567,primary,"Loya, Y., Sakai, K., Yamazato, K., Nakano, Y., Sambali, H., Van Woesik, R.",2001,Coral bleaching: the winners and the losers,paper,10.1046/j.1461-0248.2001.00203.x,Ecology Letters,"4, 122-131",""
572,primary,"Thornhill, D. J., Rotjan, R. D., Todd, B. D., Chilcoat, G. C., Iglesias Prieto, R., Kemp, D. W., La Jeunesse, T. C., Reynolds, J. M., Schmidt, G. W., Shannon, T., Warner, M. E., Fitt, W. K.",2011,A Connection between Colony Biomass and Death in Caribbean Reef-Building Corals,paper,10.1371/journal.pone.0029535,PLoS ONE,"6, e29535",""
573,primary,"Davies, P. S.",1984,The role of zooxanthellae in the nutritional energy requirements of Pocillopora eyedouxi,paper,10.1007/BF00263571,Coral Reefs,"2, 181-186",""
574,primary,"Davies, P. S.",1980,Respiration in Some Atlantic Reef Corals in Relation to Vertical Distribution and Growth Form,paper,10.2307/1540930,Biological Bulletin,"158, 187",""
575,primary,"Porter, J. W.",1980,Primary Productivity in the Sea: Reef Corals in Situ,book_chapter,10.1007/978-1-4684-3890-1_22,Primary Productivity in the Sea,", 403-410",""
576,primary,"Gladfelter, E. H., Michel, G., Sanfelici, A.",1989,Metabolic gradients along a branch of the reef coral Acropora palmata,paper,"",Bulletin of Marine Science,"44, 1166-1173",""
577,primary,"Bythell, J. C.",1988,A total nitrogen and carbon budget for the elkhorn coral Acropora palmata (Lamarck),conference_proceedings,"",Proc 6th ICRS,"2, 535-540",""
579,primary,"Castillo, K. D., Helmuth, B. S. T.",2005,Influence of thermal history on the response of Montastraea annularis to short-term temperature exposure,paper,10.1007/s00227-005-0046-x,Marine Biology,"148, 261-270",""
580,primary,"Lesser, M. P.",2000,Depth-dependent photoacclimatization to solar ultraviolet radiation in the Caribbean coral Montastraea faveolata,paper,10.3354/meps192137,Marine Ecology Progress Series,"192, 137-151",""
581,primary,"Lesser, M. P., Weis, V. M., Patterson, M. R., Jokiel, P. L.",1994,"Effects of morphology and water motion on carbon delivery and productivity in the reef coral, Pocillopora damicornis (Linnaeus): Diffusion barriers, inorganic carbon limitation, and biochemical plasticity",paper,10.1016/0022-0981(94)90034-5,Journal of Experimental Marine Biology and Ecology,"178, 153-179",""
584,primary,"Edmunds, P. J., Davies, P. S.",1989,"An energy budget for Porites porites (Scleractinia), growing in a stressed environment",paper,10.1007/bf00304690,Coral Reefs,"8, 37-43",""
591,primary,"Oliver, J., Chalker, B., Dunlap, W.",1983,"Bathymetric adaptations of reef-building corals at davies reef, great barrier reef, Australia. I. Long-term growth responses of Acropora formosa (Dana 1846)",paper,10.1016/0022-0981(83)90003-5,Journal of Experimental Marine Biology and Ecology,"73, 11-35",""
595,primary,"Tunnicliffe, V.",1983,"Caribbean staghorn coral populations: pre-hurricane Allen conditions in Discovery Bay, Jamaica",paper,"",Bulletin of Marine Science,"33, 132-151",""
596,primary,"Highsmith, R. C., Lueptow, R. L., Schonberg, S. C.",1983,Growth and bioerosion of three massive corals on the Belize barrier reef,"",10.3354/meps013261,Marine Ecology Progress Series,"13, 261-271",""
602,primary,"Dodge, R. E., Brass, G. W.",1984,"Skeletal extension, density and calcification of the reef coral, Montastrea annularis: St. Croix, U,S. Virgin Islands",paper,"",Bulletin of Marine Science,"34, 288-307",""
603,primary,"Carricart-Ganivet, J. P., Beltran-Torres, A. U., Merino, M., Ruiz-Zarate, M. A.",2000,"Skeletal extension, density and calcification rate of the reef building coral Montastraea annularis (Ellis and Solander) in the Mexican Caribbean",paper,"",Bulletin of Marine Science,"66, 215-224",""
619,primary,"Benzoni, F.",2013,"Echinophyllia tarae sp. n. (Cnidaria, Anthozoa, Scleractinia), a new reef coral species from the Gambier Islands, French Polynesia",paper,10.3897/zookeys.318.5351,ZooKeys,"318, 59-79",""
628,primary,"Cairns, S. D.",1979,The deep water scleractinia of the Caribbean Sea and adjacent waters,paper,"",Studies on the fauna of Curacau and other Caribbean Islands,"57, 1-341",""
634,primary,"Pichon, M., Chuang, Y. Y., Chen, C. A.",2012,Pseudosiderastrea formosa sp. nov. (Cnidaria: Anthozoa: Scleractinia) a new coral species endemic to Taiwan,paper,"",Zoological Studies ,"51, 93-98",""
637,primary,"Lin, M. F., Kitahara, M. V., Tachikawa, H., Keshavmurthy, S., Chen, C. A.",2012,"A New Shallow-Water Species, Polycyathus chaishanensis sp. nov. (Scleractinia: Caryophylliidae), from Chaishan, Kaohsiung, Taiwan",paper,"",Zoological Studies,"51, 213-221",http://zoolstud.sinica.edu.tw/Journals/51.2/213.pdf
639,primary,"Bak, R.",1976,The growth of coral colonies and the importance of crustose coralline algae and burrowing sponges in relation with carbonate accumulation,paper,10.1016/0077-7579(76)90009-0,Netherlands Journal of Sea Research,"10, 285-337",""
643,primary,"Lewis, J. B., Axelson, F., Goodbody, I., Page, C., Chislett, G.",1968,Comparative growth rates of some reef corals in the Caribbean,paper,"",Marine Science Center ,"10,1-26","McGill Univ, Montreal "
670,primary,"Wellington, G. M.",1982,An experimental analysis of the effects of light and zooplankton on coral zonation,paper,10.1007/bf00367953,Oecologia,"52, 311-320",""
675,primary,"Dustan, P.",1979,Distribution of zooxanthellae and photosynthetic chloroplast pigments of the reef-building coral Montastrea annularis Ellis and Solander in relation to depth on a west Indian coral reef,paper,"",Bulletin of Marine Science,"29, 79-95",""
692,primary,"Benzoni, F.",2006,"Psammocora albopicta sp nov., a new species of Scleractinian Coral from the Indo-West Pacific (Scleractinia; Siderastreidae)",,"",Zootaxa,49-57,""
693,primary,"Benzoni, F., Stefani, F.",2012,"Porites fontanesii, a new species of hard coral (Scleractinia, Poritidae) from the southern Red Sea, the Gulf of Tadjoura, and the Gulf of Aden, and its phylogenetic relationships within the genus",,"",Zootaxa,56-68,""
694,primary,"Benzoni, F., Arrigoni, R., Waheed, Z., Stefani, F., Hoeksema, B. W.",2014,Phylogenetic relationships and revision of the genus Blastomussa (Cnidaria: Anthozoa: Scleractinia) with description of a new species,,"",Raffles Bulletin of Zoology,"62, 358-378",""
695,primary,"Claereboudt, M. R.",2006,Reef corals and coral reefs of the Gulf of Oman,,"","Historical Association of Oman, Oman","",""
697,primary,"Durham, J. W.",1947,Corals from the Gulf of California and the north Pacific Coast of America,"","",Geological Society of America Memoirs,"20, 1-62",""
698,primary,"Head, S. M.",1983, An undescribed species of Merulina and a new genus and species of siderastreid coral from the Red Sea ,,10.1080/00222938300770281,Journal of Natural History,"17, 419-435",""
699,primary,"Locke, J. M., Weil, E., Coates, K. A.",2007,Newly documented species of Madracis (Scleractinia : Pocilloporidae) from the Caribbean,"",10.2988/0006-324x(2007)120[214:andsom]2.0.co;2,Proceedings of the Biological Society of Washington,"120, 214-226",""
701,primary,"Schmidt Roach, S., Miller, K. J., Andreakis, N.",2013,"<i>Pocillopora aliciae</i>: a new species of scleractinian coral (Scleractinia, Pocilloporidae) from subtropical Eastern Australia",,10.11646/zootaxa.3626.4.11,Zootaxa,"3626, 576",""
702,primary,"Vaughan, T. W.",1907,"Some madreporarian corals from French Somaliland, East Africa, collected by Dr. Charles Gravier",,10.5479/si.00963801.32-1526.249,Proceedings of the United States National Museum,"32, 249-266",""
703,primary,"Vermeij, M. J. A., Diekmann, O. E., Bak, R. P. M.",2003,"New species of scleractinian coral (Cnidaria, anthozoa), Madracis carmabi n. sp from the Caribbean",,"",Bulletin of Marine Science,"73, 679-684",""
704,primary,"Wallace, C. C., Done, B. J., Muir, P. R.",2012,Revision and catalogue of worldwide staghorn corals Acropora and Isopora (Scleractinia: Acroporidae) in the Museum of Tropical Queensland,,"",Memoirs of the Queensland Museum,"57, 1-255",""
705,primary,"Hoeksema, B.",2014,"The “Fungia patella group” (Scleractinia, Fungiidae) revisited with a description of the mini mushroom coral Cycloseris boschmai sp. n.",,10.3897/zookeys.371.6677,ZooKeys,"371, 57-84",
706,primary,"Latypov, Y. Y.",2013,"Favia camranensis sp. n. (Scleractinia: Faviidae), a new coral species from Southern Vietnam",,10.1134/S1063074013030085,Russian Journal of Marine Biology,"39, 223-224",""
708,primary,"Kitano, Y. F., Benzoni, F., Arrigoni, R., Shirayama, Y., Wallace, C. C., Fukami, H.",2014,"A Phylogeny of the Family Poritidae (Cnidaria, Scleractinia) Based on Molecular and Morphological Analyses",,10.1371/journal.pone.0098406,PLoS ONE,"9, e98406",""
709,primary,"Terraneo, T. I., Berumen, M. L., Arrigoni, R., Waheed, Z., Bouwmeester, J., Caragnano, A., Stefani, F., Benzoni, F.",2014,"Pachyseris inattesa sp. n. (Cnidaria, Anthozoa, Scleractinia): a new reef coral species from the Red Sea and its phylogenetic relationships",,10.3897/zookeys.433.8036,ZooKeys,"433, 1-30",""
710,primary,"Schmidt Roach, S., Miller, K. J., Lundgren, P., Andreakis, N.",2014, With eyes wide open: a revision of species within and closely related to the Pocillopora damicornis species complex (Scleractinia; Pocilloporidae) using morphology and genetics ,,10.1111/zoj.12092,Zool J Linn Soc,"170, 1-33",
711,primary,"Arrigoni, R., Berumen, M. L., Terraneo, T. I., Caragnano, A., Bouwmeester, J., Benzoni, F.",2014," Forgotten in the taxonomic literature: resurrection of the scleractinian coral genus Sclerophyllia (Scleractinia, Lobophylliidae) from the Arabian Peninsula and its phylogenetic relationships ","",10.1080/14772000.2014.978915,Systematics and Biodiversity,"13, 140-163",""
721,primary,"Dinesen, Z. D.",1980,A revision of the coral genus Leptoseris (Scleractinia: Fungiina: Agariciidae),paper,"",Memoirs of the Queensland Museum,"20, 181-235",""
725,primary,"Quelch, J. J.",1886,Report of the reef-corals collected by the H.M.S. Challenger during the years 1873–1976,paper_without_doi,"","Report on the Scientific Results of the Voyage of HMS Challenger (1873-76), Zoology","16, 1-203",""
726,primary,"Sheppard, C. R. C.",1987,Coral species of the Indian Ocean and adjacent seas: a synonymized compilation and some regional distributional patterns,paper_without_doi,10.5479/si.00775630.307.1,Atoll Research Bulletin,"307, 1-32",""
727,primary,"Hoeksema, B. W.",2009,"Attached mushroom corals (Scleractinia: Fungiidae) in sediment-stressed reef conditions at Singapore, including a new species and a new record",paper_without_doi,"",Raffles Bulletin of Zoology,"S22, 81-90",""
728,primary,"Kitahara, M. V., Cairns, S. D., Miller, D. J.",2010," Monophyletic origin of Caryophyllia (Scleractinia, Caryophylliidae), with descriptions of six new species ","",10.1080/14772000903571088,Systematics and Biodiversity,"8, 91-118",""
729,primary,"Kitahara, M. V., Cairns, S. D.",2009," A revision of the genus Deltocyathus Milne Edwards & Haime, 1848 (Scleractinia, Caryophylliidae) from New Caledonia, with the description of a new species ","",10.5252/z2009n2a2,Zoosystema,"31, 233-248",""
733,primary,"Glynn, P. W.",1977,Coral growth in upwelling and non-upwelling areas off Pacific coast of Panama,"","",Journal of Marine Research,"35, 567-585",""
742,primary,"Dodge, RE",1978,The natural growth records of reef building corals,"","","Doctoral dissertation, Yale University, New Haven, Conn, p 237","",""
744,primary,"Manzello, D. P., Enochs, I. C., Kolodziej, G., Carlton, R.",2015,Coral growth patterns of Montastraea cavernosa and Porites astreoides in the Florida Keys: The importance of thermal stress and inimical waters,"",10.1016/j.jembe.2015.06.010,Journal of Experimental Marine Biology and Ecology,"471, 198-207",""
763,primary,"Chansang, H., Phongusuwan, N., Boonyanate, P.",1992,"Growth of corals under the effect of sedimentation along the northwest coast of Phuket, Thailand",conference_proceedings,"",Proceedings of the Seventh International Coral Reef Symposium,"1, 241–248",""
766,primary,"Bosscher, H. & Meesters, E.H.",1993,Depth related changes in the growth rate of Montastrea annularis,conference_proceedings,"",Proceedings of the Seventh International Coral Reef Symposium,"1, 507–512",""
768,primary,"Charuchinda M., Chansang H.",1985,Skeleton extension and banding formation of Porites lutea of fringing reefs along the south and west coasts of Phuket Island (Thailand),conference_proceedings,"",Proceedings of the Fifth International Coral Reef Symposium,"6, 83–87",""
769,primary,"Crossland, C.J.",1981,"Seasonal growth of Acropora cf. formosa and Pocillopora damicornis on a high latitude reef (Houtman Abrolhos, Western Australia)",conference_proceedings,"",Proceedings of the Fourth International Coral Reef Symposium," 1, 663–667",""
770,primary,"Eakin, C.M., Feingold, J.S., Glynn, P.W.",1994,Oil refinery impacts on coral reef communities in Arub,conference_proceedings,"","Proceedings of the Colloquium on Global Aspects of Coral Reefs, Health, Hazards and History, R.N. Ginsburg (ed.). Miami, Florida: Rosenstiel School of Marine and Atmospheric Science, University of Miami",139–145,""
771,primary,"Hudson, J.H., Hanson, K.J., Halley, R.B. , Kindinger, J.L.",1994,"Environmental implications of growth rate changes in Montastrea annularis: Biscayne National Park, Florida",paper,"",Bulletin of Marine Science,"54, 647–669",""
772,primary,"Jinendradasa S.S. , Ekaratne S.U.K.",2000,Linear extension of Acropora formosa (Dana) at selected reef locations in Sri Lanka,conference_proceedings,"",Proceedings of the Ninth International Coral Reef Symposium,"1, 537–540",""
773,primary,"Jokiel P.L. , Tyler W.A.",1992,Distribution of stony corals in Johnston Atoll lagoon,conference_proceedings,"",Proceedings of the Seventh International Coral Reef Symposium,"2, 683–692",""
774,primary,"Kotb, M.M.A.",2001,"Growth rates of three reef-building coral species in the northern Red Sea, Egypt",paper,"",Egyptian Journal of Aquatic Biology and Fisheries,"5, 165–185",""
775,primary,"Manton, S.M.",1932,On the growth of the adult colony of Pocillopora bulbosa,book_chapter,"",Great Barrier Reef Expedition (1928–1929) Scientific Reports,"3, 157–166",""
776,primary,"Maragos, J.E.",1972,A study of the ecology of Hawaiian reef corals,thesis,"","PhD thesis, University of Hawaii, Honolulu, USA","",""
777,primary,"Mayor, A.G.",1924,Growth rate of Samoan corals,paper,"",Papers from the Department of Marine Biology of the Carnegie Institute of Washington,10.1073/pnas.4.12.390,""
778,primary,"Mortensen, P. B., Rapp, H. T., Båmstedt, U.",1998,"Oxygen and carbon isotope ratios related to growth line patterns in skeletons of Lophelia pertusa (L.) (Anthozoa, Scleractinia): implications for determination of linear extension rate",paper_without_doi,"",Sarsia,"83, 433–446",""
779,primary,"Oliver, J.K.",1985,Recurrent seasonal bleaching and mortality of corals on the Great Barrier Reef,conference_proceedings,"",Proceedings of the Fifth International Coral Reef Symposium,"4, 201–206",""
780,primary,"Shinn, E. A.",1966,Coral growth: an environmental indicator,paper_without_doi,"",Journal of Paleontology,40(2):233-240,""
781,primary,"Simpson, C. J.",1988,"Ecology of scleractinian corals in the Dampier Archipelago, Western Australia",book,"","Technical Series No. 23. Perth, Australia: Environmental Protection Authority","",""
782,primary,"Stimson, J.",1996,"Wave-like outward growth of some table- and plate-forming corals, and a hypothetical mechanism",paper_without_doi,"",Bulletin of Marine Science,"58, 301–313",""
783,primary,"Tamura, T., Hada, Y.",1932,Growth rate of reef-building corals inhabiting in the South Sea Islands,paper_without_doi,"",Sci Rep Tohoku Imp Univ (Ser 4),7:433- 455,""
786,primary,"Vaughan, T. W.",1915,Growth rate of the Floridian and Bahaman shoal-water corals,book_chapter,"",Year book - Carnegie Institution of Washington," 14, 221-231",""
791,primary,Hudson J. H.,1985,"Long-term growth rates of Porites lutea before and after nuclear testing: Enewetak Atoll, Marshall Islands",conference_proceedings,"",Proceedings of the 5th International Coral Reef Symposium,"6, 179-185",""
793,primary,"Al Hammady, Montaser Aly Mahmoud, ",2013,The effect of zooxanthellae availability on the rates of skeletal growth in the Red Sea coral Acropora hemprichii,,10.1016/j.ejar.2013.10.005,The Egyptian Journal of Aquatic Research,"39, 177-183",
794,primary,"Al Rousan, S, Al Moghrabi, S, Pätzold, J, Wefer, G, ",2002,"Environmental and biological effects on the stable oxygen isotope records of corals in the northern Gulf of Aqaba, Red Sea",,10.3354/meps239301,Marine Ecology Progress Series,"239, 301-310",
795,primary,"Alibert, Chantal, Mc Culloch, Malcolm T., ",1997, Strontium/calcium ratios in modern porites corals From the Great Barrier Reef as a proxy for sea surface temperature: Calibration of the thermometer and monitoring of ENSO ,,10.1029/97PA00318,Paleoceanography,"12, 345-363",
796,primary,"Baker, Paul A., Weber, Jon N., ",1975,Coral growth rate: Variation with depth,,10.1016/0031-9201(75)90031-X,Physics of the Earth and Planetary Interiors,"10, 135-139",
797,primary,"Ghiold, Joe, Enos, Paul, ",1982,Carbonate production of the coral Diploria labyrinthiformis in south Florida patch reefs,,10.1016/0025-3227(82)90115-3,Marine Geology,"45, 281-296",
798,primary,"Helmle, Kevin P., Dodge, Richard E., ",2011,Sclerochronology,,10.1007/978-90-481-2639-2_22,Encyclopedia of Modern Coral Reefs,", 958-966",
799,primary,"Horta-Puga, G., Carriquiry, J. D.",2014,The Last Two Centuries of Lead Pollution in the Southern Gulf of Mexico Recorded in the Annual Bands of the Scleractinian Coral Orbicella faveolata,,10.1007/s00128-014-1222-9,Bull Environ Contam Toxicol,"92, 567-573",
800,primary,"Lough, J.M., Barnes, D.J., ",1990,Intra-annual timing of density band formation of Porites coral from the central Great Barrier Reef,,10.1016/0022-0981(90)90197-K,Journal of Experimental Marine Biology and Ecology,"135, 35-57",
801,primary,"Meyer, Judy L., Schultz, Eric T., ",1985,Tissue condition and growth rate of corals associated with schooling fish,,10.4319/lo.1985.30.1.0157,Limnol. Oceangr.,"30, 157-166",
802,primary,"Morgan, K.M., Kench, P.S., ",2012,Skeletal extension and calcification of reef-building corals in the central Indian Ocean,,10.1016/j.marenvres.2012.08.001,Marine Environmental Research,"81, 78-82",
804,primary,"Kikuchi, R. K., Oliveira, M. D., Leão, Z. M.",2013,Density banding pattern of the south western Atlantic coral Mussismilia braziliensis,,10.1016/j.jembe.2013.09.019,Journal of Experimental Marine Biology and Ecology,"449, 207-214",
805,primary,"Dennison, William C., Barnes, David J., ",1988,Effect of water motion on coral photosynthesis and calcification,,10.1016/0022-0981(88)90190-6,Journal of Experimental Marine Biology and Ecology,"115, 67-77",
806,primary,"Harriott, V. J., ",1998,"Growth of the staghorn coral Acropora formosa at Houtman Abrolhos, Western Australia",,10.1007/s002270050397,Marine Biology,"132, 319-325",
807,primary,"Dizon, Rm, Yap, Ht, ",2005,Coral responses in single- and mixed-species plots to nutrient disturbance,,10.3354/meps296165,Marine Ecology Progress Series,"296, 165-172",
808,primary,"Barnes, D.J., Lough, J.M., ",1989,The nature of skeletal density banding in scleractinian corals: fine banding and seasonal patterns,,10.1016/0022-0981(89)90084-1,Journal of Experimental Marine Biology and Ecology,"126, 119-134",
809,primary,"Grigg, R. W., ",1982,Darwin Point: A threshold for atoll formation,,10.1007/BF00286537,Coral Reefs,"1, 29-34",
810,primary,"Crabbe, M. J. C.",2013,Coral Reef Populations in the Caribbean: Is There a Case for Better Protection against Climate Change?,,10.4236/ajcc.2013.22010,AJCC,"02, 97-105",
811,primary,"Grigg, R. W., ",1998,Holocene coral reef accretion in Hawaii: a function of wave exposure and sea level history,,10.1007/s003380050127,Coral Reefs,"17, 263-272",
812,primary,"Goffredo, S., Caroselli, E., Mattioli, G., Pignotti, E., Dubinsky, Z., Zaccantia, F.",2009,Inferred level of calcification decreases along an increasing temperature gradient in a Mediterranean endemic coral,,10.4319/lo.2009.54.3.0930,Limnol. Oceanogr.,"54, 930-937",
813,primary,"Crabbe, M. James C., Wilson, Moyra E. J., Smith, David J., ",2006,"Quaternary corals from reefs in the Wakatobi Marine National Park, SE Sulawesi, Indonesia, show similar growth rates to modern corals from the same area",,10.1002/jqs.1001,J. Quaternary Sci.,"21, 803-809",
814,primary,"Hughes, T. P., Jackson, J. B. C., ",1985,Population Dynamics and Life Histories of Foliaceous Corals,,10.2307/1942555,Ecological Monographs,"55, 141",
815,primary,"Glynn, Peter W., Stewart, Robert H., ",1973,Distribution of coral reefs in the Pearl Islands (Gulf of Panama) in relation to thermal conditions,,10.4319/lo.1973.18.3.0367,Limnol. Oceangr.,"18, 367-379",
816,primary,"Bak, R. P. M., ",1983,"Neoplasia, regeneration and growth in the reef-building coral Acropora palmata",,10.1007/BF00395810,Mar. Biol.,"77, 221-227",
817,primary,"Larcom, E. A., McKean, D. L., Brooks, J. M., Fisher, C. R.",2014,"Growth rates, densities, and distribution of Lophelia pertusa on artificial structures in the Gulf of Mexico",,10.1016/j.dsr.2013.12.005,Deep Sea Research Part I: Oceanographic Research Papers,"85, 101-109",
818,primary,"Fallon, Stewart J, Mc Culloch, Malcolm T, Van Woesik, Robert, Sinclair, Daniel J, ",1999,"Corals at their latitudinal limits: laser ablation trace element systematics in Porites from Shirigai Bay, Japan",,10.1016/S0012-821X(99)00200-9,Earth and Planetary Science Letters,"172, 221-238",
819,primary,"Suzuki, A., Kawahata, H., Tanimoto, Y., Tsukamoto, H., Gupta, L. P., Yukino, I., ",2000,Skeletal isotopic record of a Porites coral during the 1998 mass bleaching event.,,10.2343/geochemj.34.321,Geochem. J.,"34, 321-329",
820,primary,"Cobb, Kim M., Charles, Christopher D., Hunter, David E., ",2001,"A central tropical Pacific coral demonstrates Pacific, Indian, and Atlantic decadal climate connections",,10.1029/2001GL012919,Geophys. Res. Lett.,"28, 2209-2212",
821,primary,"Corrège, Thierry, Gagan, Michael K., Beck, J. Warren, Burr, George S., Cabioch, Guy, Le Cornec, Florence, ",2004,Interdecadal variation in the extent of South Pacific tropical waters during the Younger Dryas event,,10.1038/nature02506,Nature,"428, 927-929",
822,primary,"Grigg, R. W.",2005,"Depth limit for reef building corals in the Au’au Channel, S.E. Hawaii",,10.1007/s00338-005-0073-6,Coral Reefs,"25, 77-84",
823,primary,"Carricart Ganivet, Juan P., Cabanillas Terán, Nancy, Cruz Ortega, Israel, Blanchon, Paul, ",2012,Sensitivity of Calcification to Thermal Stress Varies among Genera of Massive Reef-Building Corals,,10.1371/journal.pone.0032859,PLoS ONE,"7, e32859",
824,primary,"Roberts, L. G., Harriott, V. J., ",2003,"Can environmental records be extracted from coral skeletons from Moreton Bay, Australia, a subtropical, turbid environment?",,10.1007/s00338-003-0337-y,Coral Reefs,"22, 517-522",
825,primary,"P�tzold, J.",1984,"Growth rhythms recorded in stable isotopes and density bands in the reef coral Porites lobata (Cebu, Philippines)",,10.1007/BF00263758,Coral Reefs,"3, 87-90",
826,primary,"Logan, A., Yang, L., Tomascik, T., ",1994,Linear skeletal extension rates in two species of Diploria from high-latitude reefs in Bermuda,,10.1007/BF00303636,Coral Reefs,"13, 225-230",
827,primary,"Seo, I., Lee, Y. I., Watanabe, T., Yamano, H., Shimamura, M., Yoo, C. M., Hyeong, K.",2013, A skeletal Sr/Ca record preserved in Dipsastraea ( Favia ) speciosa and implications for coral Sr/Ca thermometry in mid-latitude regions ,,10.1002/ggge.20195,"Geochemistry, Geophysics, Geosystems","14, 2873-2885",
828,primary,"Tomascik, Tomas, ",1990,"Growth rates of two morphotypes of Montastrea annularis along a eutrophication gradient, Barbados, W.I.",,10.1016/0025-326X(90)90645-O,Marine Pollution Bulletin,"21, 376-381",
829,primary,"Saenger, C., Cohen, A. L., Oppo, D. W., Hubbard, D.",2008, Interpreting sea surface temperature from strontium/calcium ratios in Montastrea corals: Link with growth rate and implications for proxy reconstructions ,,10.1029/2007PA001572,Paleoceanography,"23, n/a-n/a",
830,primary,"Hudson, J. Harold, Robbin, Daniel M., ",1980,"Chapter 17 Effects of Drilling Mud on the Growth Rate of the Reef-Building Coral, Montastrea Annularis",,10.1016/S0422-9894(08)71394-1,Elsevier Oceanography Series,", 455-470",
831,primary,"Flannery, Jennifer A., Poore, Richard Z., ",2013," Sr/Ca Proxy Sea-Surface Temperature Reconstructions from Modern and Holocene Montastraea faveolata Specimens from the Dry Tortugas National Park, Florida, U.S.A. ",,10.2112/SI63-003.1,Journal of Coastal Research,"63, 20-31",
832,primary,"Carilli, Jessica E., Norris, Richard D., Black, Bryan, Walsh, Sheila M., Mc Field, Melanie, ",2010,Century-scale records of coral growth rates indicate that local stressors reduce coral thermal tolerance threshold,,10.1111/j.1365-2486.2009.02043.x,Global Change Biology,"16, 1247-1257",
833,primary,"Zhao, M. X., Yu, K. F., Zhang, Q. M., Shi, Q., Roff, G., ",2013,Age structure of massive Porites lutea corals at Luhuitou fringing reef (northern South China Sea) indicates recovery following severe anthropogenic disturbance,,10.1007/s00338-013-1109-y,Coral Reefs,"33, 39-44",
834,primary,"Osborne, M. C., Dunbar, R. B., Mucciarone, D. A., Sanchez-Cabeza, J., Druffel, E.",2013,"Regional calibration of coral-based climate reconstructions from Palau, West Pacific Warm Pool (WPWP)",,10.1016/j.palaeo.2013.06.001,"Palaeogeography, Palaeoclimatology, Palaeoecology","386, 308-320",
835,primary,"Müller, A., Gagan, M. K., Lough, J. M.",2004, Effect of early marine diagenesis on coral reconstructions of surface-ocean 13 C/ 12 C and carbonate saturation state ,,10.1029/2003GB002112,Global Biogeochem. Cycles,"18, n/a-n/a",
836,primary,"Glynn, P. W.",1976,Some Physical and Biological Determinants of Coral Community Structure in the Eastern Pacific,,10.2307/1942565,Ecological Monographs,"46, 431",
837,primary,"Glynn, P. W.",1973,ASPECTS OF THE ECOLOGY OF CORAL REEFS IN THE WESTERN ATLANTIC REGION,,10.1016/B978-0-12-395526-5.50017-1,Biology and Geology of Coral Reefs,", 271-324",
838,primary,"Bruno, John F., Edmunds, Peter J., ",1997,Clonal Variation for Phenotypic Plasticity in the Coral Madracis Mirabilis,,10.2307/2265954,Ecology,"78, 2177",
839,primary,"Kružić, P., Sršen, P., Benković, L.",2012,"The impact of seawater temperature on coral growth parameters of the colonial coral Cladocora caespitosa (Anthozoa, Scleractinia) in the eastern Adriatic Sea",,10.1007/s10347-012-0306-4,Facies,"58, 477-491",
840,primary,"Guzm�n, H. M., Jackson, J. B. C., Weil, E.",1991,Short-term ecological consequences of a major oil spill on Panamanian subtidal reef corals,,10.1007/BF00301900,Coral Reefs,"10, 1-12",
285,secondary,"Franklin, E. C., Stat, M., Pochon, X., Putnam, H. M., Gates, R. D.",2011,"GeoSymbio: a hybrid, cloud-based web application of global geospatial bioinformatics and ecoinformatics for Symbiodinium-host symbioses",paper,10.1111/j.1755-0998.2011.03081.x,Molecular Ecology Resources,"12, 369-373",""
787,secondary,"Pratchett, M. S., Anderson, K. D., Hoogenboom, M. O., Widman, E., Baird, A. H., Pandolfi, J. M., Edmunds, P. J., Lough, J. M.",2015,"Spatial, temporal and taxonomic variation in coral growth - implications for the structure and function of coral reef ecosystems",book_chapter,"",Oceanography and Marine Biology: An Annual Review,"53, 215-295",""
683,secondary,"Edmunds, P. J., Burgess, S. C., Putnam, H. M., Baskett, M. L., Bramanti, L., Fabina, N. S., Han, X., Lesser, M. P., Madin, J. S., Wall, C. B., Yost, D. M., Gates, R. D.",2014,Evaluating the causal basis of ecological success within the scleractinia: an integral projection model approach,paper,10.1007/s00227-014-2547-y,Marine Biology,"161, 2719-2734",""
740,secondary,"Darling, E. S., Alvarez Filip, L., Oliver, T. A., Mc Clanahan, T. R., Côté, I. M.",2012,Evaluating life-history strategies of reef corals from species traits,"",10.1111/j.1461-0248.2012.01861.x,Ecology Letters,"15, 1378-1386",""
