"","species","Genus.fossil.age","Species.age.phylogeny","Abundance.GBR","Range.size","Growth.form.typical","Corallite.width.maximum","Colony.maximum.diameter","Growth.rate","Oocyte.size.at.maturity","Skeletal.density","Substrate.attachment","Coloniality","Mode.of.larval.development","Sexual.system","Symbiodinium.sp..in.propagules","Water.clarity.preference","Polyps.per.area","genus","domain","cat_growthrate","cat_corallitesize","cat_colonydiameter","cat_skeletaldensity","cat_colonyheight","cat_SA_vol","cat_spacesize","dat_growth","dat_skeletal","dat_corallite","dat_colonydiameter","reproductive_mode","clipperton","BRI"
"1","Acanthastrea echinata",25.666,2.47727808303031,"uncommon",64652312.74,"massive",NA,NA,NA,443,NA,"attached","colonial","spawner","hermaphrodite",NA,"both",NA,"Acanthastrea","pacific",1,4,2,4,4,1,1,NA,NA,22.5,100,"spawner",0,42.14
"2","Acanthastrea hemprichi",25.666,2.811674429,"uncommon",29943279.33,"massive",NA,NA,NA,NA,NA,"attached","colonial",NA,NA,NA,"both",NA,"Acanthastrea","pacific",1,4,2,4,4,1,1,NA,NA,18.8,100,"spawner",0,NA
"3","Acanthastrea regularis",25.666,2.56281175185912,"uncommon",15524615.27,"massive",NA,NA,NA,NA,NA,"attached","colonial",NA,NA,NA,"clear",NA,"Acanthastrea","pacific",1,3,1,4,4,1,1,NA,NA,9.1,30,"spawner",0,NA
"4","Acanthastrea rotundoflora",25.666,2.47727808303031,"uncommon",29870334.405,"encrusting",NA,NA,NA,NA,NA,"attached","colonial",NA,NA,NA,"clear",NA,"Acanthastrea","pacific",1,4,1,4,1,2,1,NA,NA,14.7,NA,"spawner",0,NA
"5","Acropora abrolhosensis",52.44,2.0510166523841,"common",25535461.155,"branching_open",1.5,533.333333333333,NA,NA,NA,"attached","colonial","spawner","hermaphrodite",NA,"clear",NA,"Acropora","pacific",5,1,5,2,5,4,5,58.7,1.4,1.5,533.3,"spawner",0,NA
"6","Acropora abrotanoides",52.44,3.87591025313423,"common",63419684.165,"branching_open",1.2,NA,127.5,661,NA,"attached","colonial","spawner","hermaphrodite",NA,"clear",NA,"Acropora","pacific",5,1,4,2,5,4,5,127.5,1.4,1.2,222.4,"spawner",0,20
"7","Acropora aculeus",52.44,1.06543566288177,"common",47171291.805,"corymbose",1,40,NA,NA,NA,"attached","colonial","spawner","hermaphrodite",NA,"clear",NA,"Acropora","pacific",4,1,1,2,3,5,3,31.6,1.4,1,40,"spawner",0,17.69
"8","Acropora acuminata",52.44,1.93903601352788,"uncommon",42885297.475,"branching_open",1.2,133.333333333333,NA,NA,NA,"attached","colonial",NA,NA,NA,"both",NA,"Acropora","pacific",5,1,3,2,5,4,5,58.7,1.4,1.2,133.3,"spawner",0,35.75
"9","Acropora akajimensis",52.44,1.3739231726837,"uncommon",7033121.9685,"branching_closed",NA,NA,NA,NA,NA,"attached","colonial",NA,NA,NA,"clear",NA,"Acropora","pacific",5,1,3,2,4,3,4,58.7,1.4,1.6,146.7,"spawner",0,NA
"10","Acropora anthocercis",52.44,1.9100380709495,"common",50575611,"tables_or_plates",1.3,75,NA,NA,NA,"attached","colonial","spawner","hermaphrodite",NA,"clear",NA,"Acropora","pacific",4,1,2,2,3,5,4,30.4,1.4,1.3,75,"spawner",0,0
"11","Acropora aspera",52.44,3.01610547560649,"common",41935916.085,"branching_open",1.8,NA,49.4930322580645,NA,0.92,"attached","colonial","spawner","hermaphrodite",NA,"clear",NA,"Acropora","pacific",4,1,3,1,5,4,5,48.5,0.9,1.8,132.5,"spawner",0,40.75
"12","Acropora austera",52.44,1.30159797054609,"uncommon",60709970.61,"branching_open",1.5,NA,62.9,545,1.44,"attached","colonial",NA,NA,NA,"clear",NA,"Acropora","pacific",5,1,3,2,5,4,5,62.9,1.4,1.5,152.3,"spawner",0,23.26
"13","Acropora azurea",52.44,NA,"uncommon",4518682.3585,"branching_closed",NA,15,NA,NA,NA,"attached","colonial",NA,NA,NA,"clear",NA,"Acropora","pacific",5,1,1,2,4,3,4,58.7,1.4,1.4,15,"spawner",0,NA
"14","Acropora bushyensis",52.44,0.751787283976631,"rare",4366840.0255,"digitate",1.5,25,NA,NA,NA,"attached","colonial","spawner","hermaphrodite",NA,"clear",NA,"Acropora","pacific",4,1,1,3,3,4,3,30.5,1.5,1.5,25,"spawner",0,NA
"15","Acropora cardenae",52.44,0.838407245567249,"common",3823695.1835,"branching_open",NA,NA,NA,NA,NA,"attached","colonial",NA,NA,NA,"clear",NA,"Acropora","pacific",5,1,3,2,5,4,5,58.7,1.4,1,146.7,"spawner",0,NA
"16","Acropora carduus",52.44,0.874357006058655,"common",37905091.42,"hispidose",0.9,NA,NA,NA,NA,"attached","colonial","spawner",NA,NA,"clear",NA,"Acropora","pacific",5,1,3,2,4,4,5,58.7,1.4,0.9,146.7,"spawner",0,27.69
"17","Acropora caroliniana",52.44,3.36788174695489,"uncommon",32460333.615,"tables_or_plates",1,50,NA,NA,NA,"attached","colonial",NA,NA,NA,"clear",NA,"Acropora","pacific",4,1,1,2,3,5,4,30.4,1.4,1,50,"spawner",0,NA
"18","Acropora cerealis",52.44,1.06004943315889,"common",57556070.995,"corymbose",0.8,50,42.9,656,NA,"attached","colonial","spawner","hermaphrodite",NA,"clear",NA,"Acropora","pacific",3,1,1,2,3,5,3,21.5,1.4,0.8,50,"spawner",0,48.63
"19","Acropora chesterfieldensis",52.44,1.40131204157971,"rare",17215822.45,"branching_closed",1,NA,NA,NA,NA,"attached","colonial",NA,NA,NA,"clear",NA,"Acropora","pacific",5,1,3,2,4,3,4,58.7,1.4,1,146.7,"spawner",0,NA
"20","Acropora clathrata",52.44,0.681699077952678,"common",65281082.79,"tables_or_plates",0.9,NA,NA,NA,NA,"attached","colonial","spawner","hermaphrodite",NA,"clear",NA,"Acropora","pacific",4,1,3,2,3,5,4,30.4,1.4,0.9,103.2,"spawner",0,32.99
"21","Acropora cytherea",52.44,1.24172200256654,"common",74032698.81,"tables_or_plates",1,300,59.725,543,NA,"attached","colonial",NA,NA,NA,"clear",NA,"Acropora","pacific",5,1,4,2,3,5,4,59.7,1.4,1,300,"spawner",0,42.48
"22","Acropora dendrum",52.44,0.70882642845992,"rare",36800811.76,"corymbose",1.2,100,NA,NA,NA,"attached","colonial","spawner",NA,NA,"clear",NA,"Acropora","pacific",4,1,2,2,3,5,3,31.6,1.4,1.2,100,"spawner",0,NA
"23","Acropora digitifera",52.44,0.720078523765105,"common",58582318.435,"digitate",1.6,100,37.6,NA,1.52,"attached","colonial","spawner","hermaphrodite",NA,"clear",NA,"Acropora","pacific",4,1,2,3,3,4,3,37.6,1.5,1.6,100,"spawner",0,31.84
"24","Acropora divaricata",52.44,0.900376000707082,"common",50358454.52,"tables_or_plates",1.1,NA,41.5,622,NA,"attached","colonial","spawner","hermaphrodite",NA,"clear",NA,"Acropora","pacific",4,1,3,2,3,5,4,41.5,1.4,1.1,121.9,"spawner",0,28.06
"25","Acropora donei",52.44,1.3739231726837,"uncommon",31618634.395,"branching_open",1.4,266.666666666667,NA,NA,NA,"attached","colonial","spawner","hermaphrodite",NA,"clear",NA,"Acropora","pacific",5,1,4,2,5,4,5,58.7,1.4,1.4,266.7,"spawner",0,NA
"26","Acropora echinata",52.44,5.72711205222336,"uncommon",33402937.59,"hispidose",1,150,NA,NA,NA,"attached","colonial","spawner","hermaphrodite",NA,"clear",NA,"Acropora","pacific",5,1,3,2,4,4,5,58.7,1.4,1,150,"spawner",0,71.5
"27","Acropora elseyi",52.44,2.0510166523841,"common",50730321.805,"hispidose",0.9,50,NA,NA,NA,"attached","colonial","spawner","hermaphrodite","no","clear",NA,"Acropora","pacific",5,1,1,2,4,4,5,135.1,1.4,0.9,50,"spawner",0,25.43
"28","Acropora exquisita",52.44,0.933784860777458,"uncommon",29541045.985,"branching_closed",NA,NA,NA,NA,NA,"attached","colonial",NA,NA,NA,"clear",NA,"Acropora","pacific",5,1,3,2,4,3,4,58.7,1.4,0.8,146.7,"spawner",0,NA
"29","Acropora fastigata",52.44,1.33060517618054,"rare",8012282.214,"branching_closed",NA,NA,NA,NA,NA,"attached","colonial",NA,NA,NA,"clear",NA,"Acropora","pacific",5,1,3,2,4,3,4,58.7,1.4,1.7,146.7,"spawner",0,NA
"30","Acropora florida",52.44,3.79735420056447,"common",50346268.88,"branching_open",1.4,1500,NA,NA,NA,"attached","colonial","spawner","hermaphrodite",NA,"clear",NA,"Acropora","pacific",5,1,5,2,5,4,5,58.7,1.4,1.4,1500,"spawner",0,45.69
"31","Acropora gemmifera",52.44,0.693789873065717,"common",59611099.49,"digitate",1.6,NA,24,NA,1.47,"attached","colonial","spawner","hermaphrodite",NA,"clear",126,"Acropora","pacific",3,1,2,2,3,4,3,24,1.5,1.6,90.9,"spawner",0,71.07
"32","Acropora glauca",52.44,0.316054933373932,"rare",36147467.51,"tables_or_plates",1.3,NA,NA,NA,1.46,"attached","colonial","spawner","hermaphrodite","no","both",NA,"Acropora","pacific",4,1,3,2,3,5,4,30.4,1.5,1.3,103.2,"spawner",0,24.35
"33","Acropora grandis",52.44,2.17104827900871,"common",51130568.88,"branching_open",1.7,450,NA,NA,NA,"attached","colonial","spawner","hermaphrodite",NA,"clear",NA,"Acropora","pacific",5,1,5,2,5,4,5,58.7,1.4,1.7,450,"spawner",0,24.23
"34","Acropora granulosa",52.44,0.865804445204572,"common",52677407.315,"tables_or_plates",0.9,75,7.16,NA,NA,"attached","colonial","spawner","hermaphrodite",NA,"clear",NA,"Acropora","pacific",2,1,2,2,3,5,4,7.2,1.4,0.9,75,"spawner",0,NA
"35","Acropora horrida",52.44,2.03916998081564,"uncommon",63786566.725,"branching_closed",1.5,200,NA,NA,0.86,"attached","colonial","spawner","hermaphrodite",NA,"turbid",NA,"Acropora","pacific",5,1,4,1,4,3,4,58.7,0.9,1.5,200,"spawner",0,19.4
"36","Acropora humilis",52.44,2.03575047328919,"common",68708933.785,"digitate",1.8,NA,20.2166666666667,507,1.44538461538462,"attached","colonial","spawner","hermaphrodite",NA,"clear",NA,"Acropora","pacific",3,1,2,2,3,4,3,14.5,1.4,1.8,69.3,"spawner",0,51.14
"37","Acropora hyacinthus",52.44,0.588742378677986,"common",77111234.445,"tables_or_plates",1.1,300,80.6333333333333,484,1.28,"attached","colonial","spawner","hermaphrodite",NA,"clear",112,"Acropora","pacific",4,1,4,2,3,5,4,47.5,1.3,1.1,300,"spawner",0,35.71
"38","Acropora intermedia",52.44,3.26136952521733,"common",59433259.805,"branching_open",1.5,500,NA,420,NA,"attached","colonial","spawner","hermaphrodite","no","clear",NA,"Acropora","pacific",5,1,5,2,5,4,5,58.7,1.4,1.5,500,"spawner",0,NA
"39","Acropora kimbeensis",52.44,0.915888105997414,"common",8672469.485,"branching_closed",0.6,NA,NA,NA,NA,"attached","colonial",NA,NA,NA,"clear",NA,"Acropora","pacific",5,1,3,2,4,3,4,58.7,1.4,0.6,146.7,"spawner",0,NA
"40","Acropora kirstyae",52.44,1.30429697718361,"uncommon",27207932.085,"branching_closed",0.8,NA,NA,NA,NA,"attached","colonial",NA,NA,NA,"clear",NA,"Acropora","pacific",5,1,3,2,4,3,4,58.7,1.4,0.8,146.7,"spawner",0,NA
"41","Acropora latistella",52.44,3.88592660668535,"common",69646643.575,"corymbose",0.9,NA,NA,NA,NA,"attached","colonial","spawner","hermaphrodite",NA,"turbid",NA,"Acropora","pacific",4,1,3,2,3,5,3,31.6,1.4,0.9,105.3,"spawner",0,25.27
"42","Acropora listeri",52.44,1.0061734987798,"uncommon",45683293.43,"branching_closed",1,50,NA,NA,NA,"attached","colonial","spawner","hermaphrodite",NA,"clear",NA,"Acropora","pacific",5,1,1,2,4,3,4,58.7,1.4,1,50,"spawner",0,18.46
"43","Acropora longicyathus",52.44,1.05102193684241,"common",52342999.275,"hispidose",1.3,NA,NA,NA,1.27,"attached","colonial","spawner","hermaphrodite",NA,"clear",NA,"Acropora","pacific",5,1,3,2,4,4,5,58.7,1.3,1.3,146.7,"spawner",0,25.88
"44","Acropora loripes",52.44,0.758407985582515,"common",50707825.255,"corymbose",1.2,45,NA,NA,NA,"attached","colonial","spawner","hermaphrodite",NA,"clear",NA,"Acropora","pacific",4,1,1,2,3,5,3,31.6,1.4,1.2,45,"spawner",0,9.38
"45","Acropora loveli",52.44,0.316054933,"rare",22084798.715,"branching_open",1.7,NA,NA,NA,NA,"attached","colonial","spawner","hermaphrodite",NA,"clear",NA,"Acropora","pacific",5,1,3,2,5,4,5,58.7,1.4,1.7,146.7,"spawner",0,NA
"46","Acropora lutkeni",52.44,0.385907844269643,"common",39648995.845,"branching_open",1.2,600,NA,NA,NA,"attached","colonial","spawner","hermaphrodite",NA,"clear",NA,"Acropora","pacific",5,1,5,2,5,4,5,58.7,1.4,1.2,600,"spawner",0,13.73
"47","Acropora microclados",52.44,1.24690789613032,"uncommon",36875455.755,"corymbose",1.2,100,NA,NA,NA,"attached","colonial","spawner","hermaphrodite",NA,"clear",NA,"Acropora","pacific",4,1,2,2,3,5,3,31.6,1.4,1.2,100,"spawner",0,0
"48","Acropora microphthalma",52.44,3.51583981356175,"common",68520582.525,"branching_open",1,200,NA,NA,NA,"attached","colonial","spawner","hermaphrodite",NA,"turbid",NA,"Acropora","pacific",5,1,4,2,5,4,5,58.7,1.4,1,200,"spawner",0,7.26
"49","Acropora millepora",52.44,0.886234689260959,"common",43075011.285,"corymbose",1.6,NA,NA,NA,NA,"attached","colonial","spawner","hermaphrodite",NA,"clear",87,"Acropora","pacific",4,1,3,2,3,5,3,31.6,1.5,1.6,105.3,"spawner",0,34.19
"50","Acropora monticulosa",52.44,1.41143821555589,"common",48278557.13,"digitate",1.2,300,NA,452,NA,"attached","colonial","spawner","hermaphrodite",NA,"clear",NA,"Acropora","pacific",4,1,4,3,3,4,3,30.5,1.5,1.2,300,"spawner",0,45.23
"51","Acropora multiacuta",52.44,1.49274549391536,"uncommon",15621597.695,"branching_closed",2,NA,NA,NA,NA,"attached","colonial",NA,NA,NA,"clear",NA,"Acropora","pacific",5,2,3,2,4,3,4,58.7,1.4,2,146.7,"spawner",0,NA
"52","Acropora muricata",52.44,2.01943792018288,"common",68873888.78,"branching_open",1.2,625,86.0470588235294,389,1.58285714285714,"attached","colonial","spawner","hermaphrodite",NA,"clear",21,"Acropora","pacific",5,1,5,3,5,4,5,89.1,1.7,1.2,625,"spawner",0,29.3
"53","Acropora nana",52.44,1.12734146923298,"common",45866084.525,"branching_closed",1,15,NA,568,NA,"attached","colonial","spawner","hermaphrodite",NA,"clear",50,"Acropora","pacific",5,1,1,2,4,3,4,58.7,1.4,1,15,"spawner",0,NA
"54","Acropora nasuta",52.44,0.86549527717715,"common",65507245.46,"corymbose",1.1,80,45.0142857142857,646,1.4,"attached","colonial","spawner","hermaphrodite",NA,"clear",NA,"Acropora","pacific",4,1,2,2,3,5,3,26.2,1.4,1.1,80,"spawner",0,58.94
"55","Acropora palmerae",52.44,2.3732558722585,"uncommon",36203677.055,"encrusting",1.3,180,NA,NA,NA,"attached","colonial","spawner","hermaphrodite",NA,"clear",NA,"Acropora","pacific",2,1,3,4,1,2,1,6.3,2,1.3,180,"spawner",0,NA
"56","Acropora paniculata",52.44,1.72265510974501,"uncommon",42672046.7,"tables_or_plates",0.8,103,NA,NA,NA,"attached","colonial",NA,NA,NA,"clear",NA,"Acropora","pacific",4,1,3,2,3,5,4,30.4,1.4,0.8,103,"spawner",0,NA
"57","Acropora polystoma",52.44,0.794351463499658,"uncommon",42675910.29,"corymbose",1.5,80,NA,NA,NA,"attached","colonial","spawner","hermaphrodite",NA,"clear",NA,"Acropora","pacific",4,1,2,2,3,5,3,31.6,1.5,1.5,80,"spawner",0,NA
"58","Acropora prostrata",52.44,1.03122644778517,"uncommon",19097088.76,"corymbose",NA,NA,NA,NA,NA,"attached","colonial",NA,NA,NA,"clear",NA,"Acropora","pacific",4,1,3,2,3,5,3,31.6,1.4,0.6,105.3,"spawner",0,NA
"59","Acropora pulchra",52.44,3.01610547560649,"uncommon",58241790.66,"branching_open",1.2,500,106.4,575,1.9,"attached","colonial","spawner","hermaphrodite",NA,"clear",NA,"Acropora","pacific",5,1,5,4,5,4,5,135.9,1.9,1.2,500,"spawner",0,8.4
"60","Acropora robusta",52.44,3.87591025313423,"common",66222208.745,"branching_open",1.5,NA,22.4,NA,NA,"attached","colonial","spawner","hermaphrodite",NA,"clear",NA,"Acropora","pacific",3,1,2,2,5,4,5,22.4,1.4,1.5,87.6,"spawner",0,36.04
"61","Acropora rosaria",52.44,1.37457155816803,"common",37976588.16,"corymbose",NA,NA,NA,NA,NA,"attached","colonial",NA,NA,NA,"clear",NA,"Acropora","pacific",4,2,3,2,3,5,3,31.6,1.5,2.3,105.3,"spawner",0,NA
"62","Acropora samoensis",52.44,0.836718091641527,"uncommon",59954090.37,"digitate",1.8,100,NA,NA,NA,"attached","colonial","spawner","hermaphrodite",NA,"clear",NA,"Acropora","pacific",4,1,2,3,3,4,3,30.5,1.5,1.8,100,"spawner",0,11.54
"63","Acropora sarmentosa",52.44,1.027237695012,"common",41155623.595,"corymbose",2,30,NA,NA,NA,"attached","colonial","spawner","hermaphrodite",NA,"clear",NA,"Acropora","pacific",4,2,1,2,3,5,3,31.6,1.5,2,30,"spawner",0,12.19
"64","Acropora secale",52.44,0.954010410659868,"common",59607476.66,"branching_closed",1.2,100,NA,NA,NA,"attached","colonial","spawner","hermaphrodite",NA,"clear",NA,"Acropora","pacific",5,1,2,2,4,3,4,58.7,1.4,1.2,100,"spawner",0,31.03
"65","Acropora selago",52.44,0.320619844940834,"common",49536611.545,"corymbose",0.9,75,NA,NA,NA,"attached","colonial","spawner","hermaphrodite",NA,"turbid",NA,"Acropora","pacific",4,1,2,2,3,5,3,31.6,1.4,0.9,75,"spawner",0,12.31
"66","Acropora solitaryensis",52.44,0.410822963190635,"rare",36378566.24,"tables_or_plates",1.1,204,16.7,NA,1.45,"attached","colonial","spawner","hermaphrodite",NA,"clear",NA,"Acropora","pacific",3,1,4,2,3,5,4,16.7,1.4,1.1,204,"spawner",0,29.88
"67","Acropora subglabra",52.44,5.72711205222336,"common",34766280.265,"hispidose",0.8,NA,NA,NA,NA,"attached","colonial",NA,"hermaphrodite",NA,"clear",NA,"Acropora","pacific",5,1,3,2,4,4,5,58.7,1.4,0.8,146.7,"spawner",0,35.75
"68","Acropora subulata",52.44,6.34345566829102,"common",47566277.96,"tables_or_plates",1.2,250,NA,NA,NA,"attached","colonial","spawner","hermaphrodite",NA,"clear",NA,"Acropora","pacific",4,1,4,2,3,5,4,30.4,1.4,1.2,250,"spawner",0,29.57
"69","Acropora tenuis",52.44,3.4598697602965,"uncommon",62753683.875,"corymbose",1.2,NA,NA,NA,NA,"attached","colonial","spawner","hermaphrodite",NA,"clear",NA,"Acropora","pacific",4,1,3,2,3,5,3,31.6,1.4,1.2,105.3,"spawner",0,37.85
"70","Acropora torihalimeda",52.44,0.820761244356201,"uncommon",6843890.601,"branching_closed",0.8,NA,NA,NA,NA,"unattached","colonial",NA,NA,NA,"clear",NA,"Acropora","pacific",5,1,3,2,4,3,4,58.7,1.4,0.8,146.7,"spawner",0,NA
"71","Acropora torihalimeda",52.44,0.820761244356201,"uncommon",6843890.601,"branching_closed",0.8,NA,NA,NA,NA,"unattached","colonial",NA,NA,NA,"clear",NA,"Acropora","pacific",5,1,3,2,4,3,4,58.7,1.4,0.8,146.7,"spawner",0,NA
"72","Acropora torihalimeda",52.44,0.820761244356201,"uncommon",6843890.601,"branching_closed",0.8,NA,NA,NA,NA,"attached","colonial",NA,NA,NA,"clear",NA,"Acropora","pacific",5,1,3,2,4,3,4,58.7,1.4,0.8,146.7,"spawner",0,NA
"73","Acropora torihalimeda",52.44,0.820761244356201,"uncommon",6843890.601,"branching_closed",0.8,NA,NA,NA,NA,"attached","colonial",NA,NA,NA,"clear",NA,"Acropora","pacific",5,1,3,2,4,3,4,58.7,1.4,0.8,146.7,"spawner",0,NA
"74","Acropora torresiana",52.44,1.39472275265377,"rare",1662217.2835,"branching_closed",NA,NA,NA,NA,NA,"attached","colonial",NA,NA,NA,"clear",NA,"Acropora","pacific",5,1,3,2,4,3,4,58.7,1.4,1.2,146.7,"spawner",0,NA
"75","Acropora tortuosa",52.44,1.60290890974221,"rare",22730585.965,"branching_closed",1.3,NA,NA,NA,NA,"attached","colonial","spawner","hermaphrodite",NA,"clear",NA,"Acropora","pacific",5,1,3,2,4,3,4,58.7,1.4,1.3,146.7,"spawner",0,NA
"76","Acropora valenciennesi",52.44,0.935649218714338,"common",50367297.94,"branching_open",1.5,333.333333333333,179.333333333333,NA,NA,"attached","colonial","spawner","hermaphrodite",NA,"clear",NA,"Acropora","pacific",5,1,4,2,5,4,5,179.3,1.4,1.5,333.3,"spawner",0,32.82
"77","Acropora valida",52.44,0.55112718077608,"common",81572516.925,"corymbose",0.9,50,34.3,493,1.5,"attached","colonial","spawner","hermaphrodite",NA,"clear",NA,"Acropora","pacific",4,1,1,2,3,5,3,34.3,1.5,0.9,50,"spawner",0,16.35
"78","Acropora vaughani",52.44,1.77506157758911,"uncommon",44161201.035,"branching_closed",1.1,NA,NA,NA,NA,"attached","colonial","spawner","hermaphrodite",NA,"turbid",NA,"Acropora","pacific",5,1,3,2,4,3,4,58.7,1.4,1.1,146.7,"spawner",0,NA
"79","Acropora verweyi",52.44,1.89841388031004,"common",46507145.675,"corymbose",1.1,NA,NA,NA,NA,"attached","colonial",NA,NA,NA,"clear",NA,"Acropora","pacific",4,1,3,2,3,5,3,31.6,1.4,1.1,105.3,"spawner",0,NA
"80","Acropora willisae",52.44,0.855193599785538,"uncommon",40273309.365,"corymbose",1,70,NA,NA,NA,"attached","colonial","spawner","hermaphrodite",NA,"clear",NA,"Acropora","pacific",4,1,2,2,3,5,3,31.6,1.4,1,70,"spawner",0,0
"81","Acropora yongei",52.44,0.70882642845992,"common",38125026.395,"branching_closed",1.2,200,59.34,NA,NA,"attached","colonial","spawner","hermaphrodite",NA,"both",NA,"Acropora","pacific",5,1,4,2,4,3,4,59.3,1.4,1.2,200,"spawner",0,15.96
"82","Alveopora allingi",57.04,1.40923889284036,"uncommon",53760683.39,"columnar",3.7,NA,NA,NA,NA,"attached","colonial",NA,NA,NA,"clear",NA,"Alveopora","pacific",4,2,2,3,5,1,5,25.3,1.8,3.7,93.5,NA,0,NA
"83","Alveopora catalai",57.04,1.41846908190924,"uncommon",29074950.85,"branching_closed",4.1,833.333333333333,NA,NA,NA,"attached","colonial",NA,NA,NA,"both",NA,"Alveopora","pacific",5,2,5,2,4,3,4,58.7,1.5,4.1,833.3,NA,0,NA
"84","Alveopora fenestrata",57.04,1.41516765957388,"uncommon",46125404.99,"massive",3.4,NA,NA,NA,NA,"attached","colonial","spawner",NA,NA,"clear",NA,"Alveopora","pacific",3,2,2,3,4,1,1,12.8,1.7,3.4,65,"spawner",0,NA
"85","Alveopora gigas",57.04,1.33015461812762,"uncommon",7189811.7295,"columnar",6.6,NA,NA,NA,NA,"attached","colonial","spawner","hermaphrodite",NA,"turbid",NA,"Alveopora","pacific",4,3,2,4,5,1,5,25.3,1.8,6.6,93.5,"spawner",0,NA
"86","Alveopora marionensis",57.04,1.4581426513847,"rare",21083093.88,"submassive",3.4,NA,NA,NA,NA,"attached","colonial",NA,NA,NA,"clear",NA,"Alveopora","pacific",3,2,2,3,3,1,1,12.8,1.7,3.4,65,NA,0,NA
"87","Alveopora spongiosa",57.04,1.5620975991738,"uncommon",60155295.4,"columnar",1.5,150,NA,NA,NA,"attached","colonial",NA,NA,NA,"clear",NA,"Alveopora","pacific",4,1,3,3,5,1,5,25.3,1.7,1.5,150,NA,0,NA
"88","Alveopora tizardi",57.04,1.6899317014468,"uncommon",52421759.15,"encrusting",1.5,NA,NA,NA,NA,"attached","colonial","spawner",NA,NA,"clear",NA,"Alveopora","pacific",2,1,1,4,1,2,1,6.3,2,1.5,44.5,"spawner",0,NA
"89","Alveopora verrilliana",57.04,1.41136545568019,"uncommon",49257543.49,"submassive",2.1,NA,NA,NA,NA,"attached","colonial","spawner","hermaphrodite",NA,"clear",NA,"Alveopora","pacific",3,2,2,3,3,1,1,12.8,1.7,2.1,65,"spawner",0,NA
"90","Anacropora forbesi",NA,2.90225166888166,"uncommon",35996700.2,"branching_closed",0.5,NA,NA,NA,NA,"attached","colonial",NA,NA,NA,"turbid",NA,"Anacropora","pacific",5,1,3,2,4,3,4,58.7,1.3,0.5,146.7,"spawner",0,NA
"91","Anacropora matthai",NA,0.594847814802613,"rare",10186516.256,"branching_closed",0.6,NA,NA,NA,NA,"attached","colonial",NA,NA,NA,"clear",NA,"Anacropora","pacific",5,1,3,2,4,3,4,58.7,1.4,0.6,146.7,"spawner",0,NA
"92","Anacropora puertogalerae",NA,0.559199647245106,"uncommon",23342297.4,"branching_closed",0.8,NA,NA,NA,NA,"attached","colonial","spawner","hermaphrodite",NA,"turbid",NA,"Anacropora","pacific",5,1,3,2,4,3,4,58.7,1.4,0.8,146.7,"spawner",0,NA
"93","Anacropora reticulata",NA,0.597727850738346,"rare",10528471.6925,"branching_closed",0.9,NA,NA,NA,NA,"attached","colonial",NA,NA,NA,"clear",NA,"Anacropora","pacific",5,1,3,2,4,3,4,58.7,1.4,0.9,146.7,"spawner",0,NA
"94","Astrea annuligera",102.76,0.704301991,"uncommon",64538615.71,"encrusting",6.3,NA,NA,NA,NA,"attached","colonial",NA,NA,NA,"clear",NA,"Astrea","pacific",1,3,2,3,1,2,1,3.2,1.8,6.3,64.4,"spawner",0,NA
"95","Astrea curta",102.76,0.867444078,"common",96297353.66,"massive",9.3,NA,2.6,356,NA,"attached","colonial","spawner","hermaphrodite","no","clear",NA,"Astrea","pacific",1,3,2,3,4,1,1,2.6,1.5,9.3,58.1,"spawner",0,10.25
"96","Astreopora cucullata",118.7,1.16912129623816,"rare",35291471.735,"massive",2.3,NA,NA,NA,NA,"attached","colonial",NA,NA,NA,"clear",NA,"Astreopora","pacific",3,2,2,3,4,1,1,12.8,1.7,2.3,65,"spawner",0,NA
"97","Astreopora expansa",118.7,1.6985241684264,"uncommon",46017886.48,"laminar",2.3,NA,NA,NA,NA,"attached","colonial",NA,NA,NA,"clear",NA,"Astreopora","pacific",4,2,2,5,2,4,2,25.1,2.3,2.3,93.1,"spawner",0,NA
"98","Astreopora gracilis",118.7,1.48757775711056,"common",40975475.605,"massive",1.6,NA,NA,707,NA,"attached","colonial","spawner","hermaphrodite",NA,"turbid",NA,"Astreopora","pacific",3,1,2,3,4,1,1,12.8,1.8,1.6,65,"spawner",0,NA
"99","Astreopora incrustans",118.7,1.26622511109182,"rare",14234262.217,"encrusting",0.9,100,NA,NA,NA,"attached","colonial",NA,NA,NA,"clear",NA,"Astreopora","pacific",2,1,2,4,1,2,1,6.3,2,0.9,100,"spawner",0,NA
"100","Astreopora listeri",118.7,0.806483019919856,"uncommon",48811556.57,"massive",1.6,NA,NA,319,NA,"attached","colonial","spawner","hermaphrodite",NA,"turbid",NA,"Astreopora","pacific",3,1,2,3,4,1,1,12.8,1.7,1.6,65,"spawner",0,NA
"101","Astreopora moretonensis",118.7,1.26622511109182,"rare",7156433.208,"laminar",2.5,NA,NA,NA,NA,"attached","colonial",NA,NA,NA,"clear",NA,"Astreopora","pacific",4,2,2,5,2,4,2,25.1,2.3,2.5,93.1,"spawner",0,NA
"102","Astreopora myriophthalma",118.7,1.51180986574064,"common",66095667.475,"massive",2.3,NA,7.75,NA,NA,"attached","colonial","spawner","hermaphrodite","no","clear",NA,"Astreopora","pacific",2,2,2,3,4,1,1,8.3,1.7,2.3,51.3,"spawner",0,2.75
"103","Astreopora ocellata",118.7,1.09118503248742,"rare",36603060,"massive",2.5,NA,NA,NA,NA,"attached","colonial",NA,NA,NA,"clear",NA,"Astreopora","pacific",3,2,2,3,4,1,1,12.8,1.7,2.5,65,"spawner",0,NA
"104","Astreopora scabra",118.7,1.16912129623816,"uncommon",19565611.885,"massive",2.5,NA,NA,NA,NA,"attached","colonial",NA,NA,NA,"clear",NA,"Astreopora","pacific",3,2,2,3,4,1,1,12.8,1.7,2.5,65,"spawner",0,NA
"105","Australogyra zelli",NA,5.33653445839753,"uncommon",9054783.021,"branching_closed",7.2,200,NA,NA,NA,"attached","colonial","spawner","hermaphrodite",NA,"turbid",NA,"Australogyra","pacific",4,3,4,2,4,3,4,29.2,1.3,7.2,200,"spawner",0,55.89
"106","Bernardpora stutchburyi",NA,0.582247265534725,"uncommon",47442642.415,"encrusting",2.2,NA,NA,NA,NA,"attached","colonial",NA,"gonochore",NA,"clear",17.4,"Bernardpora","pacific",1,2,1,3,1,2,1,3.6,1.6,2.5,39.7,NA,0,NA
"107","Blastomussa merleti",12.27,1.55337061111442,"uncommon",40526259.09,"encrusting",6,NA,NA,NA,NA,NA,NA,NA,NA,NA,"turbid",NA,"Blastomussa","pacific",1,2,1,3,1,2,1,2,NA,6,73.2,"spawner",0,NA
"108","Blastomussa wellsi",12.27,7.78095976615272,"uncommon",32376299.89,"massive",18.9,NA,NA,NA,NA,"attached","colonial","spawner",NA,NA,"turbid",NA,"Blastomussa","pacific",1,4,1,3,4,1,1,4.1,NA,18.9,107,"spawner",0,NA
"109","Cantharellus noumeae",14.565,3.58644562616655,"rare",13167005.069,"encrusting",200,20,NA,NA,NA,"attached","both",NA,NA,NA,"clear",NA,"Cantharellus","pacific",1,5,1,5,1,1,1,3.2,2.1,200,20,"spawner",0,NA
"110","Catalaphyllia jardinei",0.01,18.2697044516171,"uncommon",32069166.64,"massive",21.3,100,NA,NA,NA,"attached","colonial","spawner",NA,NA,"turbid",NA,"Catalaphyllia","pacific",2,4,2,3,1,1,1,6.4,1.6,21.3,100,"spawner",0,2.75
"111","Caulastraea curvata",52.44,0.501378568874119,"uncommon",26146288.315,"branching_closed",13.9,100,NA,NA,NA,"attached","colonial",NA,NA,NA,"clear",NA,"Caulastraea","pacific",4,4,2,2,4,3,4,29.2,1.3,13.9,100,"spawner",0,NA
"112","Caulastraea echinulata",52.44,2.46456076353656,"uncommon",12869510.25,"massive",13.8,NA,NA,NA,NA,"attached","colonial",NA,NA,NA,"turbid",NA,"Caulastraea","pacific",2,4,2,3,4,1,1,6.4,1.6,13.8,94.1,"spawner",0,NA
"113","Caulastraea furcata",52.44,0.501378568874119,"common",39848554.36,"massive",12.8,500,NA,NA,NA,"attached","colonial","spawner","hermaphrodite",NA,"clear",NA,"Caulastraea","pacific",2,4,5,3,4,1,1,6.4,1.6,12.8,500,"spawner",0,4.55
"114","Caulastraea tumida",52.44,0.523211904375291,"uncommon",30960745.25,"massive",25,100,NA,NA,NA,"attached","colonial",NA,NA,NA,"both",NA,"Caulastraea","pacific",2,5,2,3,4,1,1,6.4,1.6,25,100,"spawner",0,NA
"115","Coelastrea aspera",NA,1.4698578553041,"common",63807067.195,"massive",11.5,500,4,361.666666666667,NA,"attached","colonial","spawner","hermaphrodite","no","both",3.4,"Coelastrea","pacific",1,3,5,3,4,1,1,4,1.5,11.5,500,"spawner",0,14.27
"116","Coelastrea palauensis",NA,2.57666941211036,"uncommon",46596566.69,"massive",18.8,20,NA,NA,NA,"attached","colonial","spawner","hermaphrodite",NA,"both",NA,"Coelastrea","pacific",2,4,1,3,4,1,1,6.4,1.6,18.8,20,"spawner",0,NA
"117","Coeloseris mayeri",15.91,4.49196293246376,"uncommon",41421693.145,"massive",11.9,NA,NA,NA,NA,"attached","colonial",NA,NA,NA,"clear",NA,"Coeloseris","pacific",2,3,2,3,4,1,1,6.4,1.8,11.9,57.7,"spawner",0,35.96
"118","Coscinaraea columna",30.68,1.03411960859402,"common",68826882.87,"massive",6,NA,NA,NA,NA,"attached","colonial","spawner","gonochore",NA,"clear",NA,"Coscinaraea","pacific",2,2,2,4,4,1,1,NA,NA,6,NA,"spawner",0,6.51
"119","Coscinaraea crassa",30.68,2.32852380978834,"rare",25698005.35,"encrusting",12.9,NA,NA,NA,NA,"attached","colonial",NA,NA,NA,"clear",NA,"Coscinaraea","pacific",1,4,2,4,1,2,1,NA,NA,12.9,NA,"spawner",0,NA
"120","Coscinaraea exesa",30.68,1.03411960859402,"common",41231910.82,"columnar",6.1,NA,NA,NA,NA,"attached","colonial",NA,NA,NA,"clear",NA,"Coscinaraea","pacific",2,3,2,5,5,1,5,NA,NA,6.1,NA,"spawner",0,8
"121","Coscinaraea mcneilli",30.68,0.531988469038307,"uncommon",3164812.766,"encrusting",5.8,NA,NA,NA,NA,"attached","colonial",NA,NA,NA,"both",NA,"Coscinaraea","pacific",1,2,2,4,1,2,1,NA,NA,5.8,NA,"spawner",0,NA
"122","Ctenactis albitentaculata",15.87,2.88043974715038,"common",25518970.195,"massive",260,NA,NA,NA,NA,"unattached","solitary",NA,NA,NA,"clear",NA,"Ctenactis","pacific",2,5,1,4,1,1,1,6.5,1.8,260,24.2,"spawner",0,NA
"123","Ctenactis crassa",15.87,2.93439294076261,"uncommon",42206804.485,"massive",236,NA,NA,155,NA,"unattached","solitary","spawner","gonochore","no","clear",NA,"Ctenactis","pacific",2,5,1,3,1,1,1,6.5,1.8,236,24.2,"spawner",0,NA
"124","Ctenactis echinata",15.87,2.92180575548807,"common",47345652.75,"massive",284,NA,NA,266,NA,"unattached","solitary","spawner","gonochore",NA,"clear",NA,"Ctenactis","pacific",2,5,1,4,1,1,1,6.5,1.8,284,24.2,"spawner",0,0
"125","Cycloseris costulata",107,0.905942495625368,"rare",39074215.975,"massive",76,7.73333333333333,NA,NA,NA,"unattached","solitary",NA,NA,NA,"clear",NA,"Cycloseris","pacific",2,5,1,3,1,1,1,6.5,1.7,76,7.7,"spawner",0,NA
"126","Cycloseris curvata",107,1.344088860483,"uncommon",52835880.055,"massive",81,9,NA,NA,NA,"unattached","solitary",NA,NA,NA,"clear",NA,"Cycloseris","pacific",2,5,1,3,1,1,1,6.5,1.7,81,9,"spawner",0,17.5
"127","Cycloseris cyclolites",107,0.907537083546468,"common",43479746.23,"massive",35.7,16.0333333333333,NA,NA,NA,"unattached","solitary",NA,NA,NA,"clear",NA,"Cycloseris","pacific",2,5,1,3,1,1,1,6.5,1.7,35.7,16,"spawner",0,NA
"128","Cycloseris distorta",107,1.40703716334642,"uncommon",83050214.885,"massive",40,4,NA,NA,NA,"unattached","solitary","spawner","gonochore","no","clear",NA,"Cycloseris","pacific",2,5,1,3,1,1,1,6.5,1.7,40,4,"spawner",0,1.38
"129","Cycloseris explanulata",107,1.01828698972737,"uncommon",57465195.32,"laminar",4.5,NA,NA,NA,NA,"unattached","solitary",NA,NA,NA,"clear",NA,"Cycloseris","pacific",3,2,1,4,1,1,1,12.6,2,4.5,34.6,"spawner",0,NA
"130","Cycloseris fragilis",107,0.813101307711917,"uncommon",52785494.33,"massive",48,7,NA,NA,NA,"unattached","solitary",NA,NA,NA,"clear",NA,"Cycloseris","pacific",2,5,1,3,1,1,1,6.5,1.7,48,7,"spawner",0,NA
"131","Cycloseris mokai",107,1.36590229662184,"uncommon",34927516.7,"massive",7.5,8.66666666666667,NA,NA,NA,"unattached","solitary",NA,NA,NA,"clear",NA,"Cycloseris","pacific",2,3,1,3,1,1,1,6.5,1.5,7.5,8.7,"spawner",0,NA
"132","Cycloseris sinensis",107,0.905942495625368,"common",51063062.625,"massive",54.8,NA,NA,NA,NA,"unattached","solitary",NA,NA,NA,"clear",NA,"Cycloseris","pacific",2,5,1,3,1,1,1,6.5,1.7,54.8,24.2,"spawner",0,NA
"133","Cycloseris somervillei",107,1.49644022466198,"uncommon",35195172.89,"massive",135.2,13,NA,NA,NA,"unattached","solitary",NA,NA,NA,"clear",NA,"Cycloseris","pacific",2,5,1,3,1,1,1,6.5,1.8,135.2,13,"spawner",0,NA
"134","Cycloseris tenuis",107,0.907537083546468,"rare",59184376.425,"massive",46.7,NA,NA,NA,NA,"unattached","solitary",NA,NA,NA,"clear",NA,"Cycloseris","pacific",2,5,1,3,1,1,1,6.5,1.7,46.7,24.2,"spawner",0,NA
"135","Cycloseris vaughani",107,0.813101307711917,"rare",63913130.435,"massive",58.5,NA,NA,NA,NA,"unattached","solitary",NA,NA,NA,"clear",NA,"Cycloseris","pacific",2,5,1,3,1,1,1,6.5,1.7,58.5,24.2,"spawner",0,NA
"136","Cycloseris wellsi",107,1.01828698972737,"uncommon",53830239.02,"laminar",2.5,NA,NA,NA,NA,"unattached","solitary",NA,NA,NA,"clear",NA,"Cycloseris","pacific",3,2,1,4,2,4,2,12.6,2,2.5,34.6,"spawner",0,NA
"137","Cynarina lacrymalis",6.10333333333333,3.08355948155204,"uncommon",51352540.17,"massive",85,NA,NA,NA,NA,"both","solitary","spawner","hermaphrodite",NA,"clear",NA,"Cynarina","pacific",1,5,1,4,4,1,1,NA,NA,85,NA,"spawner",0,NA
"138","Cyphastrea agassizi",28.8,3.83592327985357,"uncommon",37328069.175,"massive",2.2,NA,NA,NA,NA,"attached","colonial",NA,NA,NA,"clear",NA,"Cyphastrea","pacific",2,2,2,2,4,1,1,6.4,1.4,2.2,94.1,"spawner",0,NA
"139","Cyphastrea chalcidicum",28.8,2.22334790765739,"common",62656587.07,"massive",2.8,100,NA,306,NA,"attached","colonial","spawner","hermaphrodite",NA,"clear",NA,"Cyphastrea","pacific",2,2,2,2,4,1,1,6.4,1.4,2.8,100,"spawner",0,0
"140","Cyphastrea decadia",28.8,1.24054184452876,"uncommon",23991010.75,"branching_closed",2.8,NA,NA,NA,NA,"attached","colonial",NA,NA,NA,"clear",NA,"Cyphastrea","pacific",4,2,4,2,4,3,4,29.2,1.2,2.8,212.4,"spawner",0,0.79
"141","Cyphastrea microphthalma",28.8,1.23726331306149,"common",70090854.645,"massive",2.7,NA,NA,293.5,NA,"attached","colonial","spawner","hermaphrodite",NA,"clear",NA,"Cyphastrea","pacific",2,2,2,2,4,1,1,6.4,1.5,2.7,94.1,"spawner",0,6.54
"142","Cyphastrea ocellina",28.8,10.6832643728508,"rare",30652438.03,"massive",2.5,NA,3.255,NA,NA,"attached","colonial","brooder","hermaphrodite","yes","clear",NA,"Cyphastrea","pacific",1,2,2,2,4,1,1,3.3,1.5,2.5,65.5,"brooder",0,5.5
"143","Cyphastrea serailia",28.8,2.22334790765739,"common",70540472.315,"massive",2.4,NA,4.93333333333333,313.5,NA,"attached","colonial","spawner","hermaphrodite",NA,"clear",NA,"Cyphastrea","pacific",1,2,2,2,4,1,1,4.9,1.5,2.4,81.9,"spawner",0,8.64
"144","Danafungia horrida",NA,1.79562580162182,"common",56555281.3,"massive",204,20,NA,215,NA,"unattached","solitary","spawner","gonochore","no","clear",NA,"Danafungia","pacific",2,5,1,3,1,1,1,6.5,1.8,204,20,"spawner",0,0
"145","Danafungia scruposa",NA,1.90942368683598,"uncommon",55032857.23,"massive",111,24,NA,NA,NA,"unattached","solitary","spawner","gonochore","no","clear",NA,"Danafungia","pacific",2,5,1,3,1,1,1,6.5,1.7,111,24,"spawner",0,NA
"146","Diploastrea heliopora",108.46,64.5228175051602,"common",52480043.55,"massive",9,633.333333333333,2.43239285714286,290,NA,"attached","colonial","spawner","gonochore","no","clear",NA,"Diploastrea","pacific",1,3,5,4,4,1,1,2.4,NA,9,633.3,"spawner",0,19.94
"147","Dipsastraea amicorum",15.97,0.312833853597543,"uncommon",52183330.455,"massive",13.2,NA,NA,NA,NA,"attached","colonial","spawner","hermaphrodite",NA,"clear",NA,"Dipsastraea","pacific",2,4,2,3,4,1,1,6.4,1.6,13.2,94.1,"spawner",0,NA
"148","Dipsastraea danai",15.97,0.540508455,"uncommon",35273245.31,"massive",9.2,NA,NA,NA,NA,"attached","colonial",NA,NA,NA,"both",NA,"Dipsastraea","pacific",2,3,2,3,4,1,1,6.4,1.5,9.2,94.1,"spawner",0,37.43
"149","Dipsastraea favus",15.97,0.67203611779419,"common",67720275.31,"massive",10,37,NA,NA,NA,"attached","colonial",NA,NA,NA,"clear",1.273,"Dipsastraea","pacific",2,3,1,3,4,1,1,6.4,1.6,10,37,"spawner",0,32.05
"150","Dipsastraea helianthoides",15.97,0.319810398361408,"common",51502964.555,"submassive",9,NA,NA,NA,NA,"attached","colonial","spawner",NA,NA,"clear",NA,"Dipsastraea","pacific",2,3,2,3,3,1,1,6.4,1.5,9,94.1,"spawner",0,NA
"151","Dipsastraea laddi",15.97,0.312833853597543,"rare",28200966.305,"massive",6.8,NA,NA,NA,NA,"attached","colonial",NA,NA,NA,"clear",NA,"Dipsastraea","pacific",2,3,2,3,4,1,1,6.4,1.5,6.8,94.1,"spawner",0,NA
"152","Dipsastraea laxa",15.97,0.319810398361408,"uncommon",34874219.955,"massive",5.8,NA,NA,395,NA,"attached","colonial","spawner","hermaphrodite",NA,"clear",NA,"Dipsastraea","pacific",2,2,2,3,4,1,1,6.4,1.5,5.8,94.1,"spawner",0,41.5
"153","Dipsastraea lizardensis",15.97,0.44398533202748,"uncommon",44667685.225,"massive",16.7,100,NA,NA,NA,"attached","colonial","spawner","hermaphrodite",NA,"clear",NA,"Dipsastraea","pacific",2,4,2,3,4,1,1,6.4,1.6,16.7,100,"spawner",0,76
"154","Dipsastraea maritima",15.97,6.84675901034826,"uncommon",46534186.925,"massive",18.8,NA,NA,NA,NA,"attached","colonial",NA,NA,NA,"clear",NA,"Dipsastraea","pacific",2,4,2,3,4,1,1,6.4,1.6,18.8,94.1,"spawner",0,6.73
"155","Dipsastraea matthaii",15.97,0.449748848041262,"common",69729580.015,"massive",13.8,NA,NA,NA,NA,"attached","colonial","spawner","hermaphrodite",NA,"clear",NA,"Dipsastraea","pacific",2,4,2,3,4,1,1,6.4,1.6,13.8,94.1,"spawner",0,31.87
"156","Dipsastraea maxima",15.97,1.24421045106867,"rare",32897363.325,"massive",29,NA,NA,NA,NA,"attached","colonial",NA,NA,NA,"clear",NA,"Dipsastraea","pacific",2,5,2,3,4,1,1,6.4,1.6,29,94.1,"spawner",0,16
"157","Dipsastraea pallida",15.97,0.540508454755315,"common",69939468.045,"massive",10.2,NA,4.53333333333333,414.333333333333,1.43,"attached","colonial","spawner","hermaphrodite",NA,"clear",NA,"Dipsastraea","pacific",1,3,2,2,4,1,1,4.3,1.4,10.2,76,"spawner",0,55.04
"158","Dipsastraea rosaria",15.97,4.47738431716087,"rare",15780359.61,"encrusting",9.3,100,NA,NA,NA,"attached","colonial",NA,NA,NA,"clear",NA,"Dipsastraea","pacific",1,3,2,4,1,2,1,3.2,1.8,9.3,100,"spawner",0,NA
"159","Dipsastraea rotumana",15.97,2.77206231319327,"uncommon",68467323.77,"massive",14.2,NA,NA,NA,NA,"attached","colonial","spawner","hermaphrodite",NA,"clear",NA,"Dipsastraea","pacific",2,4,2,3,4,1,1,6.4,1.6,14.2,94.1,"spawner",0,23.04
"160","Dipsastraea speciosa",15.97,0.44398533202748,"common",66355956.645,"massive",9.9,75,6.37857142857143,421,NA,"attached","colonial","spawner","hermaphrodite",NA,"clear",NA,"Dipsastraea","pacific",2,3,2,3,4,1,1,6.3,1.6,9.9,75,"spawner",0,33.6
"161","Dipsastraea truncata",15.97,5.445479887,"common",31306964.98,"massive",10.5,NA,NA,NA,NA,"attached","colonial",NA,NA,NA,"clear",NA,"Dipsastraea","pacific",2,3,2,3,4,1,1,6.4,1.6,10.5,94.1,"spawner",0,NA
"162","Dipsastraea veroni",15.97,1.24421045106867,"rare",44682865.42,"massive",17.5,NA,NA,NA,NA,"attached","colonial","spawner","hermaphrodite",NA,"clear",NA,"Dipsastraea","pacific",2,4,2,3,4,1,1,6.4,1.6,17.5,94.1,"spawner",0,NA
"163","Dipsastraea vietnamensis",15.97,2.65847168276036,"rare",14252278.23,"massive",14.1,NA,NA,NA,NA,"attached","colonial",NA,NA,NA,"clear",NA,"Dipsastraea","pacific",2,4,2,3,4,1,1,6.4,1.5,14.1,94.1,"spawner",0,NA
"164","Echinophyllia aspera",22.234,0.253727385536922,"common",68934427.64,"laminar",10.9,NA,NA,414,NA,"attached","colonial","spawner","hermaphrodite",NA,"clear",NA,"Echinophyllia","pacific",1,3,3,4,2,4,2,NA,NA,10.9,NA,"spawner",0,10.56
"165","Echinophyllia echinata",22.234,1.77254049834432,"rare",61084601.95,"laminar",12.9,NA,NA,NA,NA,"attached","colonial",NA,NA,NA,"clear",NA,"Echinophyllia","pacific",1,4,1,4,2,4,2,NA,NA,12.9,NA,"spawner",0,NA
"166","Echinophyllia echinoporoides",22.234,1.7510880393914,"uncommon",14349108.575,"encrusting",5.7,NA,NA,NA,NA,"attached","colonial",NA,NA,NA,"turbid",NA,"Echinophyllia","pacific",1,2,2,4,1,2,1,NA,NA,5.7,NA,"spawner",0,NA
"167","Echinophyllia orpheensis",22.234,0.562951815193757,"uncommon",37225500.535,"submassive",10.1,45,NA,NA,NA,"attached","colonial","spawner","hermaphrodite",NA,"both",NA,"Echinophyllia","pacific",1,3,1,4,3,1,1,NA,NA,10.1,45,"spawner",0,0
"168","Echinopora gemmacea",19.714,0.854362833367538,"uncommon",65061177.015,"laminar",4.2,NA,NA,340,NA,"attached","colonial","spawner","hermaphrodite",NA,"clear",NA,"Echinopora","pacific",3,2,3,4,2,4,2,12.5,2,4.2,134.8,"spawner",0,31.56
"169","Echinopora hirsutissima",19.714,0.588190599123175,"uncommon",49430644.405,"submassive",4.2,NA,NA,NA,NA,"attached","colonial",NA,NA,NA,"clear",NA,"Echinopora","pacific",2,2,2,3,3,1,1,6.4,1.5,4.2,94.1,"spawner",0,NA
"170","Echinopora horrida",19.714,1.37299871244419,"uncommon",32941391.15,"encrusting_long_uprights",2.4,500,NA,NA,NA,"attached","colonial","spawner","hermaphrodite",NA,"clear",NA,"Echinopora","pacific",3,2,5,3,2,3,2,12.6,1.5,2.4,500,"spawner",0,0.79
"171","Echinopora lamellosa",19.714,0.694108475897985,"common",70194905.85,"laminar",3.4,500,NA,261,NA,"attached","colonial","spawner","hermaphrodite",NA,"clear",NA,"Echinopora","pacific",3,2,5,4,2,4,2,12.5,2,3.4,500,"spawner",0,8.87
"172","Echinopora mammiformis",19.714,9.39092109946586,"common",32045791.34,"encrusting_long_uprights",8.9,500,NA,NA,NA,"attached","colonial",NA,NA,NA,"clear",NA,"Echinopora","pacific",3,3,5,3,2,3,2,12.6,1.6,8.9,500,"spawner",0,19.16
"173","Echinopora pacificus",19.714,0.854362833367538,"uncommon",25528437.28,"laminar",4.6,NA,NA,NA,NA,"attached","colonial","spawner","hermaphrodite",NA,"clear",NA,"Echinopora","pacific",3,2,3,4,2,4,2,12.5,2,4.6,134.8,"spawner",0,28.6
"174","Euphyllia ancora",48.74,1.54598823424411,"uncommon",23106551.705,"massive",45,100,NA,NA,NA,"attached","colonial","spawner","gonochore",NA,"clear",NA,"Euphyllia","pacific",1,5,2,3,4,1,1,NA,NA,45,100,"spawner",0,NA
"175","Euphyllia cristata",48.74,1.48126980618824,"uncommon",34723713.95,"massive",25,12,NA,NA,NA,"attached","colonial",NA,NA,NA,"clear",NA,"Euphyllia","pacific",1,5,1,3,4,1,1,NA,NA,25,12,NA,0,NA
"176","Euphyllia divisa",48.74,0.773819121217371,"uncommon",17398924.095,"massive",22,100,NA,NA,NA,"attached","colonial","spawner",NA,NA,"turbid",NA,"Euphyllia","pacific",1,4,2,3,4,1,1,NA,NA,22,100,"spawner",0,NA
"177","Euphyllia glabrescens",48.74,1.39728963302369,"uncommon",55045935.335,"massive",19,NA,NA,NA,NA,"attached","colonial","brooder",NA,"yes","clear",NA,"Euphyllia","pacific",1,4,1,3,4,1,1,NA,NA,19,NA,"brooder",0,2.75
"178","Euphyllia yaeyamaensis",48.74,0.773819121217371,"uncommon",20274250.357,"massive",25.2,NA,NA,NA,NA,"attached","colonial",NA,NA,NA,"clear",NA,"Euphyllia","pacific",1,5,1,3,4,1,1,NA,NA,25.2,NA,NA,0,NA
"179","Favites abdita",48.06,1.33176491981708,"common",72251149.285,"massive",15,100,0.8,407.5,NA,"attached","colonial","spawner","hermaphrodite",NA,"both",NA,"Favites","pacific",1,4,2,3,4,1,1,0.8,1.6,15,100,"spawner",0,26.03
"180","Favites chinensis",48.06,2.73147335742883,"uncommon",57089008.555,"massive",12.5,NA,NA,395,NA,"attached","colonial","spawner","hermaphrodite",NA,"clear",NA,"Favites","pacific",2,4,2,3,4,1,1,6.4,1.5,12.5,94.1,"spawner",0,49.37
"181","Favites colemani",48.06,0.391759447,"common",33871434.25,"encrusting",7.8,40,NA,NA,NA,"attached","colonial",NA,NA,NA,"both",NA,"Favites","pacific",1,3,1,3,1,2,1,3.2,1.8,7.8,40,"spawner",0,NA
"182","Favites complanata",48.06,0.952899186108228,"common",62754606.605,"massive",18.8,NA,NA,371.5,NA,"attached","colonial","spawner","hermaphrodite",NA,"both",NA,"Favites","pacific",2,4,2,3,4,1,1,6.4,1.6,18.8,94.1,"spawner",0,20.28
"183","Favites flexuosa",48.06,0.180787747532672,"common",67470677.26,"massive",18.8,NA,NA,NA,NA,"attached","colonial","spawner","hermaphrodite",NA,"clear",NA,"Favites","pacific",2,4,2,3,4,1,1,6.4,1.6,18.8,94.1,"spawner",0,43.34
"184","Favites halicora",48.06,0.180787747532672,"uncommon",55922609.63,"massive",16.8,NA,NA,352,NA,"attached","colonial","spawner","hermaphrodite","no","clear",NA,"Favites","pacific",2,4,2,3,4,1,1,6.4,1.6,16.8,94.1,"spawner",0,25.66
"185","Favites magnistellata",48.06,3.397548125,"uncommon",73928632.3,"massive",12.1,200,NA,NA,NA,"attached","colonial","spawner","hermaphrodite","no","clear",NA,"Favites","pacific",2,4,4,3,4,1,1,6.4,1.6,12.1,200,"spawner",0,24.72
"186","Favites pentagona",48.06,0.887918182440587,"common",62855763.175,"submassive",8.5,100,NA,NA,NA,"attached","colonial","spawner","hermaphrodite",NA,"clear",NA,"Favites","pacific",2,3,2,2,3,1,1,6.4,1.5,8.5,100,"spawner",0,27.07
"187","Favites rotundata",48.06,0.285142783087329,"common",39809454.785,"massive",21.2,NA,NA,NA,NA,"attached","colonial",NA,NA,NA,"clear",NA,"Favites","pacific",2,4,2,3,4,1,1,6.4,1.6,21.2,94.1,"spawner",0,32.34
"188","Favites valenciennesi",48.06,1.730263532,"uncommon",61876103.6,"submassive",10,NA,NA,372,NA,"attached","colonial","spawner","hermaphrodite","no","both",NA,"Favites","pacific",2,3,2,3,3,1,1,6.4,1.6,10,94.1,"spawner",0,18.14
"189","Fungia fungites",26.534,1.74475675495482,"common",33050257.1465,"massive",158,28,2,NA,1.99,"unattached","solitary","spawner","gonochore",NA,"clear",NA,"Fungia","pacific",2,5,1,4,1,1,1,6.5,2,158,28,"MIXED",0,15.21
"190","Galaxea acrhelia",28.586,0.481484997366406,"uncommon",10096287.3495,"branching_closed",5.4,125,NA,NA,NA,"attached","colonial",NA,NA,NA,"clear",NA,"Galaxea","pacific",2,2,3,3,4,3,4,NA,NA,5.4,125,NA,0,29.85
"191","Galaxea astreata",28.586,0.518269449254346,"common",53354398.935,"submassive",3.7,166.666666666667,NA,NA,NA,"attached","colonial","spawner","gonochore",NA,"turbid",NA,"Galaxea","pacific",1,2,3,3,3,1,1,NA,NA,3.7,166.7,"spawner",0,47.59
"192","Galaxea fascicularis",28.586,4.10818257573462,"common",62479426.59,"massive",10.7,500,NA,482,NA,"attached","colonial","spawner","gonochore","no","clear",NA,"Galaxea","pacific",1,3,5,3,4,1,1,NA,NA,10.7,500,"spawner",0,25.43
"193","Galaxea horrescens",28.586,0.508037158154484,"uncommon",30952293.545,"branching_closed",2.9,200,NA,NA,NA,"attached","colonial","brooder",NA,NA,"clear",NA,"Galaxea","pacific",1,2,4,3,4,3,4,NA,NA,2.9,200,"brooder",0,28.51
"194","Galaxea longisepta",28.586,0.485637749426508,"rare",13248808.365,"encrusting",7.6,15,NA,NA,NA,"attached","colonial",NA,NA,NA,"clear",NA,"Galaxea","pacific",1,3,1,3,1,2,1,NA,NA,7.6,15,NA,0,NA
"195","Gardineroseris planulata",24.2825,4.96591914025434,"uncommon",85555016.06,"massive",5,NA,8.95,144,1.63,"attached","colonial","spawner","gonochore","no","clear",NA,"Gardineroseris","pacific",2,2,2,3,4,1,1,9.9,1.6,5,73,"spawner",0,23.31
"196","Goniastrea edwardsi",62.38,1.16598419379335,"common",56142436.515,"massive",5,100,9.8625,308,NA,"attached","colonial","spawner","hermaphrodite","no","clear",NA,"Goniastrea","pacific",2,2,2,2,4,1,1,9,1.5,5,100,"spawner",0,56.91
"197","Goniastrea favulus",62.38,0.465643285601545,"uncommon",40990209.4,"massive",7.5,NA,4.05,NA,NA,"attached","colonial","spawner","hermaphrodite",NA,"clear",3.9,"Goniastrea","pacific",1,3,2,3,4,1,1,4,1.5,7.5,73.6,"spawner",0,14.95
"198","Goniastrea pectinata",62.38,0.214030557476914,"common",66369238.09,"submassive",15,NA,NA,NA,NA,"attached","colonial","spawner","hermaphrodite",NA,"clear",NA,"Goniastrea","pacific",2,4,2,3,3,1,1,6.4,1.5,15,94.1,"spawner",0,46.88
"199","Goniastrea retiformis",62.38,0.448633953288464,"common",58574843.48,"massive",6.5,100,7.19166666666667,461.5,1.7,"attached","colonial","spawner","hermaphrodite","no","clear",8.5,"Goniastrea","pacific",2,3,2,3,4,1,1,7.6,1.7,6.5,100,"spawner",0,56.85
"200","Goniastrea stelligera",62.38,1.27622505,"common",69880272.415,"massive",5.1,NA,10,NA,NA,"attached","colonial","spawner","hermaphrodite",NA,"clear",NA,"Goniastrea","pacific",2,2,3,2,4,1,1,10,1.5,5.1,119.5,"spawner",0,49.18
"201","Goniopora columna",96.45,0.502077326421742,"common",57757251.155,"columnar",3.7,NA,NA,NA,NA,"attached","colonial","spawner","gonochore",NA,"turbid",NA,"Goniopora","pacific",3,2,2,2,5,1,5,14.6,1.4,3.7,83.3,"spawner",0,36.83
"202","Goniopora djiboutiensis",96.45,0.56354574119989,"common",55890685.675,"columnar",4.7,NA,NA,NA,NA,"attached","colonial","spawner","gonochore",NA,"turbid",NA,"Goniopora","pacific",3,2,2,2,5,1,5,14.6,1.5,4.7,83.3,"spawner",0,23.02
"203","Goniopora eclipsensis",96.45,0.535134896063765,"uncommon",11823862.8105,"columnar",3.1,NA,NA,NA,NA,"attached","colonial",NA,NA,NA,"clear",NA,"Goniopora","pacific",3,2,2,2,5,1,5,14.6,1.5,3.1,83.3,"spawner",0,NA
"204","Goniopora fruticosa",96.45,0.506919031554188,"uncommon",23167117.215,"encrusting",3.7,NA,NA,NA,NA,"attached","colonial",NA,NA,NA,"clear",NA,"Goniopora","pacific",1,2,1,3,1,2,1,3.6,1.6,3.7,39.7,"spawner",0,NA
"205","Goniopora lobata",96.45,0.502358057903076,"common",58290579.54,"columnar",4.6,NA,NA,500,NA,"attached","colonial","spawner","gonochore",NA,"turbid",NA,"Goniopora","pacific",3,2,2,2,5,1,5,14.6,1.4,4.6,83.3,"spawner",0,19.66
"206","Goniopora minor",96.45,0.516347272695171,"common",61067284.865,"encrusting",2.5,NA,NA,NA,NA,"attached","colonial","spawner","gonochore",NA,"clear",NA,"Goniopora","pacific",1,2,1,3,1,2,1,3.6,1.6,2.5,39.7,"spawner",0,NA
"207","Goniopora norfolkensis",96.45,0.536954754504853,"uncommon",15889342.6075,"encrusting",2.4,NA,NA,462,NA,"attached","colonial","spawner","gonochore",NA,"clear",NA,"Goniopora","pacific",1,2,1,3,1,2,1,3.6,1.6,2.4,39.7,"spawner",0,NA
"208","Goniopora palmensis",96.45,0.522323459118537,"common",11857200.38,"submassive",2.4,NA,NA,NA,NA,"attached","colonial",NA,NA,NA,"clear",NA,"Goniopora","pacific",2,2,2,2,3,1,1,7.4,1.3,2.4,58,"spawner",0,NA
"209","Goniopora pandoraensis",96.45,0.546082458290222,"uncommon",29102013.1,"columnar",2.7,NA,NA,NA,NA,"attached","colonial",NA,NA,NA,"turbid",NA,"Goniopora","pacific",3,2,2,2,5,1,5,14.6,1.4,2.7,83.3,"spawner",0,NA
"210","Goniopora pendulus",96.45,0.547610623359996,"uncommon",15668245.145,"massive",5.6,NA,NA,NA,NA,"attached","colonial",NA,NA,NA,"turbid",NA,"Goniopora","pacific",2,2,2,2,4,1,1,7.4,1.4,5.6,58,"spawner",0,NA
"211","Goniopora somaliensis",96.45,0.578728896778272,"uncommon",63397102.975,"encrusting",3.1,200,NA,NA,NA,"attached","colonial",NA,NA,NA,"clear",NA,"Goniopora","pacific",1,2,4,3,1,2,1,3.6,1.6,3.1,200,"spawner",0,NA
"212","Goniopora stokesi",96.45,0.549389173800467,"uncommon",55525661.2,"columnar",4.7,10,NA,NA,NA,"both","colonial",NA,NA,NA,"clear",NA,"Goniopora","pacific",3,2,1,2,5,1,5,14.6,1.4,4.7,10,"spawner",0,13.75
"213","Goniopora tenuidens",96.45,0.538269845676901,"common",55928762.785,"massive",NA,NA,NA,NA,NA,"attached","colonial","spawner","gonochore",NA,"clear",NA,"Goniopora","pacific",2,2,2,2,4,1,1,7.4,1.4,3.7,58,"spawner",0,39.29
"214","Halomitra pileus",67.975,1.78822592152004,"uncommon",46146105.96,"massive",4.8,60,NA,NA,NA,"unattached","colonial","spawner","gonochore",NA,"clear",NA,"Halomitra","pacific",2,2,2,3,4,1,1,6.5,1.5,4.8,60,"spawner",0,NA
"215","Heliofungia actiniformis",15.1525,8.61993520401838,"common",34164379.56,"massive",142,20,5.76,NA,NA,"unattached","solitary",NA,NA,NA,"turbid",NA,"Heliofungia","pacific",2,5,1,3,4,1,1,5.8,1.8,142,20,"MIXED",0,0
"216","Herpolitha limax",5.9025,5.19869238120189,"common",66568766.28,"massive",370,NA,10,NA,NA,"unattached","colonial","spawner","gonochore","no","clear",NA,"Herpolitha","pacific",2,5,1,4,4,1,1,10,1.8,370,30.5,"spawner",0,0
"217","Homophyllia australis",NA,3.04086812628752,"uncommon",21928505.1,"massive",75,4.3,NA,NA,NA,"attached","both",NA,NA,NA,"clear",NA,"Homophyllia","pacific",1,5,1,4,1,1,1,NA,NA,75,4.3,"spawner",0,NA
"218","Homophyllia bowerbanki",NA,2.25312315200064,"rare",28156423.615,"massive",25,175,NA,484,NA,"attached","colonial",NA,NA,NA,"clear",NA,"Homophyllia","pacific",1,5,3,4,4,1,1,NA,NA,25,175,"spawner",0,NA
"219","Hydnophora exesa",128.4,2.32621613735304,"common",60889646.225,"submassive",4.5,100,NA,328,NA,"attached","colonial","spawner","hermaphrodite",NA,"clear",NA,"Hydnophora","pacific",2,2,2,3,3,1,1,6.4,1.5,4.5,100,"spawner",0,30.07
"220","Hydnophora grandis",128.4,2.32621613735304,"uncommon",29675046.33,"encrusting_long_uprights",4.7,NA,NA,NA,NA,"attached","colonial",NA,NA,NA,"clear",NA,"Hydnophora","pacific",3,2,3,3,2,3,2,12.6,1.5,4.7,135.4,"spawner",0,NA
"221","Hydnophora microconos",128.4,0.925025824720286,"uncommon",70681666.435,"massive",7.2,NA,7.6,NA,1.37,"attached","colonial","spawner","hermaphrodite",NA,"clear",NA,"Hydnophora","pacific",2,3,3,2,4,1,1,9.8,1.4,7.2,118,"spawner",0,10.22
"222","Hydnophora pilosa",128.4,0.925025824720286,"uncommon",24272271.71,"columnar",8,NA,NA,308,NA,"attached","colonial","spawner","hermaphrodite",NA,"clear",NA,"Hydnophora","pacific",3,3,3,3,5,1,5,12.6,1.6,8,135.4,"spawner",0,NA
"223","Hydnophora rigida",128.4,2.79706528358538,"common",49759283.105,"branching_closed",6.7,NA,71,NA,NA,"attached","colonial","spawner","hermaphrodite",NA,"clear",NA,"Hydnophora","pacific",5,3,4,2,4,3,4,71,1.3,6.7,341.8,"spawner",0,25.62
"224","Isopora brueggemanni",NA,1.82242805179278,"common",61072042.52,"branching_open",1.6,NA,74.8,NA,NA,"attached","colonial","brooder","hermaphrodite",NA,"clear",NA,"Isopora","pacific",5,1,3,2,5,4,5,74.8,1.4,1.6,167.1,"brooder",0,29.58
"225","Isopora cuneata",NA,1.62425296791021,"common",41236144.315,"encrusting",1,20,NA,255,NA,"attached","colonial","brooder","hermaphrodite",NA,"clear",NA,"Isopora","pacific",2,1,1,4,1,2,1,6.3,2,1,20,"brooder",0,18.96
"226","Isopora elizabethensis",NA,1.86410265341917,"common",481815.7128,"branching_open",NA,NA,NA,NA,NA,"attached","colonial",NA,NA,NA,"both",NA,"Isopora","pacific",5,1,3,2,5,4,5,58.7,1.4,1.2,146.7,"brooder",0,NA
"227","Isopora palifera",NA,5.2655509156768,"common",55433655.87,"branching_open",1.4,NA,NA,249,1.52,"attached","colonial","brooder","hermaphrodite",NA,"clear",NA,"Isopora","pacific",5,1,3,3,5,4,5,58.7,1.5,1.4,146.7,"brooder",0,40.85
"228","Leptastrea bewickensis",29.9,0.937994220362947,"rare",38658279.61,"encrusting",4.2,100,NA,NA,NA,"attached","colonial",NA,NA,NA,"clear",NA,"Leptastrea","pacific",1,2,2,3,1,2,1,3.2,1.8,4.2,100,NA,0,NA
"229","Leptastrea inaequalis",29.9,0.979069429778058,"uncommon",45702456.6,"massive",4.1,NA,NA,NA,NA,"attached","colonial",NA,NA,NA,"clear",NA,"Leptastrea","pacific",2,2,1,2,4,1,1,6.5,1.5,4.1,24.2,NA,0,NA
"230","Leptastrea pruinosa",29.9,2.1582045359218,"uncommon",51620265.365,"encrusting",3.6,NA,NA,NA,NA,"attached","colonial",NA,NA,NA,"clear",NA,"Leptastrea","pacific",1,2,1,3,1,2,1,3.2,1.8,3.6,16.5,NA,0,7.15
"231","Leptastrea purpurea",29.9,2.1582045359218,"common",78091560.35,"encrusting",10,100,1.8,NA,1.63,"attached","colonial","spawner","gonochore",NA,"clear",NA,"Leptastrea","pacific",1,3,2,3,1,2,1,1.8,1.6,10,100,"spawner",0,15.73
"232","Leptastrea transversa",29.9,3.4081864217047,"uncommon",76541855.62,"encrusting",9.2,NA,NA,NA,NA,"attached","colonial",NA,NA,NA,"clear",NA,"Leptastrea","pacific",1,3,1,4,1,2,1,3.2,1.8,9.2,16.5,NA,0,16.27
"233","Leptoria irregularis",67.06,1.25605198062193,"uncommon",17704522.4,"encrusting",6.3,150,NA,NA,NA,"attached","colonial",NA,NA,NA,"clear",NA,"Leptoria","pacific",1,3,3,3,1,2,1,3.2,1.8,6.3,150,"spawner",0,66.12
"234","Leptoria phrygia",67.06,6.83693273123045,"common",68880590.845,"massive",3.5,NA,NA,454.666666666667,1.61,"attached","colonial","spawner","hermaphrodite","no","clear",NA,"Leptoria","pacific",2,2,2,3,4,1,1,6.4,1.6,3.5,94.1,"spawner",0,46.01
"235","Leptoseris explanata",34.04,1.89636152783038,"uncommon",56367105.6,"laminar",4,NA,NA,NA,NA,"attached","colonial","spawner",NA,NA,"clear",NA,"Leptoseris","pacific",3,2,2,5,2,4,2,12.5,2.3,4,82.7,"spawner",0,NA
"236","Leptoseris foliosa",34.04,0.847245061621762,"uncommon",40028814.345,"laminar",1.4,NA,NA,NA,NA,"attached","colonial",NA,NA,NA,"clear",NA,"Leptoseris","pacific",3,1,2,5,2,4,2,12.5,2.2,1.4,82.7,"spawner",0,NA
"237","Leptoseris gardineri",34.04,0.781392441638923,"uncommon",33454961.965,"laminar",2.5,866.666666666667,NA,NA,NA,"attached","colonial",NA,NA,NA,"clear",NA,"Leptoseris","pacific",3,2,5,5,2,4,2,12.5,2.2,2.5,866.7,"spawner",0,71.5
"238","Leptoseris hawaiiensis",34.04,0.822069606895387,"uncommon",76158469.52,"encrusting",3.2,NA,NA,NA,NA,"attached","colonial",NA,NA,NA,"clear",NA,"Leptoseris","pacific",1,2,1,4,1,2,1,3.1,2.1,3.2,39.5,"spawner",0,NA
"239","Leptoseris mycetoseroides",34.04,0.786804156053707,"common",76894817.61,"laminar",4.4,133.333333333333,NA,NA,NA,"attached","colonial",NA,NA,NA,"clear",NA,"Leptoseris","pacific",3,2,3,5,2,4,2,12.5,2.3,4.4,133.3,"spawner",0,NA
"240","Leptoseris papyracea",34.04,0.760734654125447,"uncommon",60070374.615,"laminar",4.4,NA,NA,NA,NA,"attached","colonial",NA,NA,NA,"clear",NA,"Leptoseris","pacific",3,2,2,5,2,4,2,12.5,2.3,4.4,82.7,"spawner",0,71.5
"241","Leptoseris scabra",34.04,0.919237434258146,"uncommon",79355940.94,"encrusting",6.3,NA,NA,NA,NA,"attached","colonial",NA,NA,NA,"clear",NA,"Leptoseris","pacific",1,3,1,4,1,2,1,3.1,2.1,6.3,39.5,"spawner",1,NA
"242","Leptoseris solida",34.04,0.836194477495505,"uncommon",47358176.115,"encrusting",3.8,NA,NA,NA,NA,"attached","colonial",NA,NA,NA,"clear",NA,"Leptoseris","pacific",1,2,1,4,1,2,1,3.1,2.1,3.8,39.5,"spawner",0,NA
"243","Leptoseris yabei",34.04,0.804436376811288,"uncommon",42806236.105,"laminar",3.7,100,NA,NA,NA,"attached","colonial",NA,NA,NA,"clear",NA,"Leptoseris","pacific",3,2,2,5,2,4,2,12.5,2.2,3.7,100,"spawner",0,19.26
"244","Lithophyllon concinna",34.44,1.52677737318908,"common",68798713.24,"massive",160,16,NA,NA,NA,"unattached","solitary","spawner","gonochore","no","clear",NA,"Lithophyllon","pacific",2,5,1,3,4,1,1,6.5,1.8,160,16,"spawner",0,6.33
"245","Lithophyllon repanda",34.44,1.52677737318908,"common",57164954.685,"massive",150,30,NA,NA,NA,"unattached","solitary","spawner","gonochore","no","clear",NA,"Lithophyllon","pacific",2,5,1,3,4,1,1,6.5,1.8,150,30,"spawner",0,NA
"246","Lithophyllon scabra",34.44,0.936673431161788,"rare",28750219.34,"massive",78,NA,NA,NA,NA,"unattached","solitary",NA,NA,NA,"clear",NA,"Lithophyllon","pacific",2,5,1,3,4,1,1,6.5,1.7,78,24.2,"spawner",0,NA
"247","Lobactis scutaria",NA,10.0802896169379,"common",71677948.18,"massive",169,17,9.3,83.6,NA,"unattached","solitary","spawner","gonochore","no","clear",NA,"Lobactis","pacific",2,5,1,3,4,1,1,9.3,1.8,169,17,"spawner",0,2.75
"248","Lobophyllia corymbosa",53.5175,20.5573369385419,"common",58343974.925,"massive",47.5,125,NA,600,NA,"attached","colonial",NA,NA,"no","clear",0.127,"Lobophyllia","pacific",1,5,3,4,4,1,1,NA,NA,47.5,125,"spawner",0,42.83
"249","Lobophyllia diminuta",53.5175,0.35867920473279,"uncommon",26956300.475,"massive",42.5,NA,NA,NA,NA,"attached","colonial",NA,NA,NA,"clear",NA,"Lobophyllia","pacific",1,5,1,4,4,1,1,NA,NA,42.5,NA,"spawner",0,NA
"250","Lobophyllia flabelliformis",53.5175,0.936618883563185,"uncommon",12406486.66,"massive",59.5,200,NA,NA,NA,"attached","colonial",NA,NA,NA,"clear",NA,"Lobophyllia","pacific",1,5,4,4,4,1,1,NA,NA,59.5,200,"spawner",0,21.54
"251","Lobophyllia hataii",53.5175,0.35867920473279,"uncommon",46976140.13,"massive",30,NA,NA,NA,NA,"attached","colonial",NA,NA,NA,"clear",NA,"Lobophyllia","pacific",1,5,1,4,4,1,1,NA,NA,30,NA,"spawner",0,35.75
"252","Lobophyllia hemprichii",53.5175,0.849120426867191,"common",65275213.22,"massive",26.8,500,NA,810,NA,"attached","colonial","spawner","hermaphrodite",NA,"clear",NA,"Lobophyllia","pacific",1,5,5,4,4,1,1,NA,NA,26.8,500,"spawner",0,50.42
"253","Lobophyllia robusta",53.5175,0.964078026673318,"uncommon",33596829.31,"massive",47.5,NA,NA,NA,NA,"attached","colonial",NA,NA,NA,"both",NA,"Lobophyllia","pacific",1,5,3,4,4,1,1,NA,NA,47.5,NA,"spawner",0,4
"254","Madracis kirbyi",70.72,0.609588672802197,"rare",37654678.395,"digitate",2.6,125,NA,NA,NA,"attached","colonial",NA,NA,NA,"turbid",NA,"Madracis","pacific",3,2,3,4,3,4,3,12.7,2.1,2.6,125,"brooder",0,NA
"255","Merulina ampliata",8.2575,0.316264544597483,"common",62556885.535,"laminar",6.2,NA,22.494,312.5,NA,"attached","colonial","spawner","hermaphrodite",NA,"clear",NA,"Merulina","pacific",3,3,3,4,2,4,2,22.5,2,6.2,184.6,"spawner",0,58.64
"256","Merulina scabricula",8.2575,0.729374770256899,"common",45955453.445,"laminar",3.5,NA,NA,NA,NA,"attached","colonial",NA,NA,NA,"clear",NA,"Merulina","pacific",3,2,3,4,2,4,2,12.5,2,3.5,134.8,"spawner",0,9.09
"257","Merulina triangularis",8.2575,0.934874755637964,"uncommon",19982580.0075,"branching_closed",8.8,266.666666666667,NA,350,NA,"attached","colonial","spawner","hermaphrodite",NA,"clear",NA,"Merulina","pacific",4,3,4,2,4,3,4,29.2,1.3,8.8,266.7,"spawner",0,NA
"258","Micromussa amakusensis",102.76,1.21025625892351,"uncommon",33403492.44,"encrusting",11.5,NA,NA,NA,NA,"attached","colonial","spawner",NA,NA,"clear",NA,"Micromussa","pacific",1,3,1,4,1,2,1,NA,NA,11.5,NA,"spawner",0,NA
"259","Micromussa lordhowensis",102.76,2.37689533334583,"common",35161005.97,"massive",13.5,NA,NA,400,NA,"attached","colonial","spawner","hermaphrodite","no","clear",NA,"Micromussa","pacific",1,4,1,4,4,1,1,NA,NA,13.5,NA,"spawner",0,NA
"260","Montipora aequituberculata",43.84,0.890109813261532,"common",70441827.84,"laminar",0.9,NA,NA,241,NA,"attached","colonial","spawner","hermaphrodite","yes","clear",NA,"Montipora","pacific",4,1,2,5,2,4,2,25.1,2.2,0.9,93.1,"spawner",0,15.61
"261","Montipora angulata",43.84,0.564443926830362,"rare",36922878.185,"branching_closed",1.3,NA,NA,NA,NA,"attached","colonial",NA,NA,NA,"clear",NA,"Montipora","pacific",5,1,3,2,4,3,4,58.7,1.4,1.3,146.7,"spawner",0,NA
"262","Montipora australiensis",43.84,1.81709703271188,"rare",31394565.505,"columnar",0.1,NA,NA,NA,NA,"attached","colonial",NA,NA,NA,"clear",NA,"Montipora","pacific",4,1,2,3,5,1,5,25.3,1.7,0.1,93.5,"spawner",0,NA
"263","Montipora caliculata",43.84,1.75716129163281,"uncommon",44353288.67,"massive",1,NA,NA,NA,NA,"attached","colonial",NA,NA,NA,"both",NA,"Montipora","pacific",3,1,2,3,4,1,1,12.8,1.7,1,65,"spawner",0,39.76
"264","Montipora capitata",43.84,0.895759199865825,"uncommon",31778443.65,"encrusting_long_uprights",1,NA,25.80875,NA,NA,"attached","colonial","spawner","hermaphrodite",NA,"turbid",158.5,"Montipora","pacific",4,1,2,3,2,3,2,25.8,1.7,1,94.5,"spawner",0,13.75
"265","Montipora capricornis",43.84,7.4142215783668,"common",25656790.89,"laminar",1,NA,NA,NA,NA,"attached","colonial","spawner","hermaphrodite","yes","clear",NA,"Montipora","pacific",4,1,2,5,2,4,2,25.1,2.2,1,93.1,"spawner",0,NA
"266","Montipora cebuensis",43.84,1.75508218634058,"uncommon",23584577.205,"laminar",0.8,NA,NA,NA,NA,"attached","colonial",NA,NA,NA,"clear",NA,"Montipora","pacific",4,1,2,5,2,4,2,25.1,2.2,0.8,93.1,"spawner",0,NA
"267","Montipora confusa",43.84,3.089294305402,"uncommon",10741972.9485,"encrusting_long_uprights",0.7,100,NA,NA,NA,"attached","colonial",NA,NA,NA,"clear",NA,"Montipora","pacific",4,1,2,3,2,3,2,25.3,1.8,0.7,100,"spawner",0,NA
"268","Montipora corbettensis",43.84,2.16448021212482,"uncommon",24372055.735,"digitate",0.8,NA,NA,NA,NA,"attached","colonial",NA,NA,NA,"clear",NA,"Montipora","pacific",4,1,3,3,3,4,3,30.5,1.5,0.8,103.3,"spawner",0,NA
"269","Montipora crassituberculata",43.84,1.82455229649158,"uncommon",41313318.165,"laminar",1.5,NA,NA,NA,NA,"attached","colonial","spawner","hermaphrodite","yes","clear",NA,"Montipora","pacific",4,1,2,5,2,4,2,25.1,2.3,1.5,93.1,"spawner",0,15.87
"270","Montipora danae",43.84,1.80374663388974,"common",59456513.705,"laminar",1.4,NA,NA,NA,NA,"attached","colonial","spawner","hermaphrodite","yes","clear",NA,"Montipora","pacific",4,1,2,5,2,4,2,25.1,2.3,1.4,93.1,"spawner",0,72.65
"271","Montipora digitata",43.84,3.49612734692218,"common",51112312.94,"branching_open",0.9,NA,41.494,360,NA,"attached","colonial","spawner","hermaphrodite","yes","clear",NA,"Montipora","pacific",4,1,3,2,5,4,5,41.5,1.4,0.9,121.8,"spawner",0,18.52
"272","Montipora efflorescens",43.84,3.38115934779729,"common",65538451.8,"massive",1.2,NA,NA,NA,NA,"attached","colonial","spawner","hermaphrodite","yes","clear",NA,"Montipora","pacific",3,1,2,3,4,1,1,12.8,1.6,1.2,65,"spawner",0,NA
"273","Montipora effusa",43.84,2.0058953550458,"uncommon",34677468.495,"submassive",0.8,NA,NA,NA,NA,"attached","colonial",NA,"hermaphrodite",NA,"both",NA,"Montipora","pacific",3,1,2,3,3,1,1,12.8,1.6,0.8,65,"spawner",0,NA
"274","Montipora floweri",43.84,1.88510785270358,"uncommon",52766224.72,"submassive",0.9,NA,NA,NA,NA,"attached","colonial",NA,NA,NA,"clear",NA,"Montipora","pacific",3,1,2,3,3,1,1,12.8,1.7,0.9,65,"spawner",0,NA
"275","Montipora foliosa",43.84,1.8243553772686,"common",60680646.67,"laminar",0.9,NA,32.5,370,NA,"attached","colonial","spawner","hermaphrodite",NA,"clear",NA,"Montipora","pacific",4,1,3,5,2,4,2,32.5,2.2,0.9,106.9,"spawner",0,19.42
"276","Montipora foveolata",43.84,1.54157216636446,"uncommon",48783510.66,"massive",2.9,NA,NA,NA,NA,"attached","colonial","spawner","hermaphrodite","yes","both",NA,"Montipora","pacific",3,2,2,3,4,1,1,12.8,1.7,2.9,65,"spawner",0,29.93
"277","Montipora grisea",43.84,2.00363272080359,"common",48826886.025,"massive",1.2,NA,NA,NA,NA,"attached","colonial","spawner","hermaphrodite","yes","clear",NA,"Montipora","pacific",3,1,2,3,4,1,1,12.8,1.7,1.2,65,"spawner",0,28.62
"278","Montipora hispida",43.84,1.8243553772686,"common",55976241.295,"encrusting_long_uprights",1.4,NA,NA,NA,NA,"attached","colonial","spawner","hermaphrodite","yes","turbid",NA,"Montipora","pacific",4,1,2,3,2,3,2,25.3,1.8,1.4,93.5,"spawner",0,61.58
"279","Montipora hoffmeisteri",43.84,0.831847427057648,"common",43631567.115,"encrusting",1.1,NA,NA,NA,NA,"attached","colonial","spawner","hermaphrodite","yes","both",NA,"Montipora","pacific",2,1,1,4,1,2,1,6.3,2,1.1,44.5,"spawner",0,23.13
"280","Montipora incrassata",43.84,7.19426336761685,"uncommon",39414734.88,"encrusting",1.4,NA,NA,NA,NA,"attached","colonial",NA,"hermaphrodite","yes","clear",NA,"Montipora","pacific",2,1,1,4,1,2,1,6.3,2,1.4,44.5,"spawner",0,NA
"281","Montipora informis",43.84,1.75745477691065,"common",61763138.265,"massive",1.3,NA,NA,NA,NA,"attached","colonial","spawner","hermaphrodite","yes","clear",NA,"Montipora","pacific",3,1,2,3,4,1,1,12.8,1.7,1.3,65,"spawner",0,72.85
"282","Montipora millepora",43.84,2.14909220294389,"common",55313475.315,"encrusting",0.6,NA,NA,NA,NA,"attached","colonial",NA,NA,NA,"clear",NA,"Montipora","pacific",2,1,1,4,1,2,1,6.3,1.9,0.6,44.5,"spawner",0,NA
"283","Montipora mollis",43.84,0.791477334136243,"common",64411281.99,"massive",0.9,NA,NA,NA,NA,"attached","colonial","spawner","hermaphrodite","yes","turbid",NA,"Montipora","pacific",3,1,2,3,4,1,1,12.8,1.6,0.9,65,"spawner",0,52.46
"284","Montipora monasteriata",43.84,2.31809167161678,"common",58314531.625,"laminar",1.1,NA,NA,NA,NA,"attached","colonial","spawner","hermaphrodite","yes","clear",NA,"Montipora","pacific",4,1,2,5,2,4,2,25.1,2.2,1.1,93.1,"spawner",0,31.43
"285","Montipora nodosa",43.84,1.4958513766073,"uncommon",41875574.405,"massive",1.3,NA,NA,NA,NA,"attached","colonial",NA,NA,NA,"clear",NA,"Montipora","pacific",3,1,2,3,4,1,1,12.8,1.7,1.3,65,"spawner",0,NA
"286","Montipora peltiformis",43.84,3.3311220299643,"uncommon",55109994.53,"submassive",0.9,NA,NA,NA,NA,"attached","colonial","spawner","hermaphrodite","yes","clear",NA,"Montipora","pacific",3,1,2,3,3,1,1,12.8,1.7,0.9,65,"spawner",0,45.32
"287","Montipora samarensis",43.84,2.15550943654394,"common",22376463.79,"branching_open",0.7,NA,NA,NA,NA,"attached","colonial","spawner","hermaphrodite","yes","clear",NA,"Montipora","pacific",5,1,3,2,5,4,5,58.7,1.4,0.7,146.7,"spawner",0,NA
"288","Montipora spongodes",43.84,0.792515212789016,"uncommon",48870615.27,"encrusting",1.2,NA,NA,NA,NA,"attached","colonial",NA,NA,NA,"clear",NA,"Montipora","pacific",2,1,1,4,1,2,1,6.3,2,1.2,44.5,"spawner",0,60.91
"289","Montipora spumosa",43.84,1.96912575493654,"common",58746324.995,"encrusting",0.9,NA,NA,NA,NA,"attached","colonial","spawner","hermaphrodite","yes","both",NA,"Montipora","pacific",2,1,1,4,1,2,1,6.3,2,0.9,44.5,"spawner",0,NA
"290","Montipora stellata",43.84,0.890109813261532,"common",25246887.58,"digitate",0.9,NA,NA,NA,NA,"attached","colonial","spawner","hermaphrodite","yes","turbid",NA,"Montipora","pacific",4,1,3,3,3,4,3,30.5,1.5,0.9,103.3,"spawner",0,NA
"291","Montipora tuberculosa",43.84,2.07899218597412,"common",72522189.75,"massive",1,NA,NA,350,NA,"attached","colonial","spawner","hermaphrodite","yes","both",NA,"Montipora","pacific",3,1,2,3,4,1,1,12.8,1.6,1,65,"spawner",0,29.43
"292","Montipora turgescens",43.84,0.208979534305146,"common",66126512.035,"massive",1,NA,NA,NA,NA,"attached","colonial","spawner","hermaphrodite","yes","both",NA,"Montipora","pacific",3,1,2,3,4,1,1,12.8,1.6,1,65,"spawner",0,NA
"293","Montipora turtlensis",43.84,0.640959770554411,"common",22499268.575,"digitate",0.9,NA,NA,NA,NA,"attached","colonial","spawner","hermaphrodite","yes","turbid",NA,"Montipora","pacific",4,1,3,2,3,4,3,30.5,1.5,0.9,103.3,"spawner",0,NA
"294","Montipora undata",43.84,0.572239226012844,"common",45515877.975,"laminar",1.2,NA,26,NA,NA,"attached","colonial",NA,NA,NA,"clear",NA,"Montipora","pacific",4,1,2,5,2,4,2,26,2.2,1.2,94.8,"spawner",0,43.45
"295","Montipora venosa",43.84,1.67232234598189,"uncommon",64826184.455,"massive",1.8,NA,NA,NA,NA,"attached","colonial","spawner","hermaphrodite","yes","both",NA,"Montipora","pacific",3,1,2,3,4,1,1,12.8,1.7,1.8,65,"spawner",0,16.38
"296","Montipora verrucosa",43.84,0.895759199865825,"common",73251679.915,"laminar",1.4,NA,26.1266,NA,NA,"attached","colonial","spawner","hermaphrodite","yes","clear",NA,"Montipora","pacific",4,1,3,5,2,4,2,28.7,2.2,1.4,100.1,"spawner",0,2.75
"297","Moseleya latistellata",NA,36.7999476530715,"uncommon",12913381.9555,"submassive",73,25,NA,NA,NA,"both","colonial","spawner","hermaphrodite","no","turbid",NA,"Moseleya","pacific",1,5,1,4,3,1,1,NA,NA,73,25,"spawner",0,NA
"298","Mycedium elephantotus",10.975,0.222233554608846,"common",60107007.975,"laminar",10,300,NA,388.5,NA,"attached","colonial","spawner","hermaphrodite",NA,"clear",NA,"Mycedium","pacific",3,3,4,4,2,4,2,12.5,2.1,10,300,"spawner",0,13.85
"299","Mycedium mancaoi",10.975,0.214782587837404,"uncommon",33368592.305,"laminar",7.2,NA,NA,NA,NA,"attached","colonial",NA,NA,NA,"clear",NA,"Mycedium","pacific",3,3,3,4,2,4,2,12.5,2.1,7.2,134.8,"spawner",0,NA
"300","Oulastrea crispata",36.9933333333333,3.17702506035935,"uncommon",19960462.715,"encrusting",5.6,NA,NA,130,NA,"attached","colonial","spawner","hermaphrodite","no","turbid",NA,"Oulastrea","pacific",1,2,1,3,1,2,1,NA,NA,5.6,NA,"spawner",0,NA
"301","Oulophyllia bennettae",19.814,0.71283899733958,"uncommon",40092431.195,"massive",17.4,NA,NA,NA,NA,"attached","colonial","spawner",NA,NA,"clear",NA,"Oulophyllia","pacific",2,4,2,1,4,1,1,6.4,1.6,17.4,94.1,"spawner",0,NA
"302","Oulophyllia crispa",19.814,0.311502346047305,"uncommon",58792407.795,"massive",11.6,100,21,NA,NA,"attached","colonial","spawner","hermaphrodite","no","clear",NA,"Oulophyllia","pacific",3,3,2,1,4,1,1,21,1.6,11.6,100,"spawner",0,22.43
"303","Oxypora glabra",10.05,1.34230822663883,"common",25292588.33,"laminar",7.5,NA,NA,NA,NA,"attached","colonial","spawner","hermaphrodite","no","clear",NA,"Oxypora","pacific",1,3,2,5,2,4,2,NA,NA,7.5,NA,"spawner",0,NA
"304","Oxypora lacera",10.05,1.53614397169501,"common",59487029.75,"laminar",8.8,NA,NA,NA,NA,"attached","colonial","spawner","hermaphrodite","no","clear",NA,"Oxypora","pacific",1,3,2,5,2,4,2,NA,NA,8.8,NA,"spawner",0,6.94
"305","Pachyseris rugosa",32.58,1.52451800875673,"common",46648887.745,"laminar",4.8,633.333333333333,NA,339,NA,"attached","colonial","spawner","gonochore",NA,"turbid",NA,"Pachyseris","pacific",1,2,5,5,2,4,2,NA,NA,4.8,633.3,"spawner",0,21.72
"306","Pachyseris speciosa",32.58,1.55998832108154,"common",62953882.56,"laminar",4.6,200,NA,341,NA,"attached","colonial","spawner","gonochore","no","clear",NA,"Pachyseris","pacific",1,2,4,5,2,4,2,NA,NA,4.6,2,"spawner",0,39.28
"307","Palauastrea ramosa",0.01,28.8543687841759,"uncommon",20016740.155,"branching_closed",1.2,NA,NA,NA,NA,"attached","colonial",NA,NA,NA,"turbid",NA,"Palauastrea","pacific",3,1,2,4,4,3,4,24.4,1.9,1.2,62.9,"spawner",0,5.5
"308","Paragoniastrea australensis",NA,2.88972349369991,"common",65362642.2,"submassive",10,NA,3.4,417,NA,"attached","colonial","spawner","hermaphrodite",NA,"clear",NA,"Paragoniastrea","pacific",1,3,2,3,3,1,1,3.4,1.5,10,67.1,"spawner",0,NA
"309","Paragoniastrea russelli",NA,4.38953502613728,"common",63364809.495,"submassive",16,NA,NA,342,NA,"attached","colonial","spawner","hermaphrodite",NA,"both",NA,"Paragoniastrea","pacific",2,4,2,3,3,1,1,6.4,1.5,16,94.1,"spawner",0,NA
"310","Paramontastraea salebrosa",102.76,14.40479164,"rare",15801822.17,"massive",4.7,NA,NA,NA,NA,"attached","colonial",NA,NA,NA,"clear",NA,"Paramontastraea","pacific",2,2,2,2,4,1,1,6.4,1.5,4.7,94.1,"spawner",0,NA
"311","Pavona bipartita",48.6,0.846063037064358,"uncommon",46018272.24,"submassive",3.1,100,NA,NA,NA,"attached","colonial",NA,NA,NA,"clear",NA,"Pavona","pacific",2,2,2,3,3,1,1,6.4,1.7,3.1,100,"spawner",0,NA
"312","Pavona cactus",48.6,2.03455608053693,"common",63144649.51,"digitate",1.4,1000,28,NA,NA,"attached","colonial","spawner","gonochore",NA,"turbid",NA,"Pavona","pacific",4,1,5,2,3,5,2,37.9,1.5,1.4,1000,"spawner",0,31.5
"313","Pavona clavus",48.6,3.32716411049437,"common",70339476.655,"columnar",3.4,2000,13.6594594594595,NA,1.662,"attached","colonial","spawner","gonochore","no","clear",NA,"Pavona","pacific",3,2,5,3,5,1,5,14.2,1.7,3.4,2000,"spawner",0,44.56
"314","Pavona decussata",48.6,0.741649808787096,"common",64093455.395,"digitate",3.5,20,NA,100,NA,"attached","colonial",NA,NA,NA,"both",NA,"Pavona","pacific",3,2,1,3,3,5,2,15.2,1.5,3.5,20,"spawner",0,5.43
"315","Pavona duerdeni",48.6,0.799130065145732,"uncommon",85657419.19,"massive",2.1,NA,10.2,NA,NA,"attached","colonial","spawner","gonochore",NA,"clear",NA,"Pavona","pacific",3,2,2,3,4,1,1,10.2,1.7,2.1,74.2,"spawner",0,47.6
"316","Pavona explanulata",48.6,0.774165369871112,"common",71912840.41,"laminar",3,NA,NA,NA,NA,"attached","colonial",NA,NA,NA,"both",NA,"Pavona","pacific",3,2,2,5,2,4,2,12.5,2.3,3,82.7,"spawner",0,3.41
"317","Pavona maldivensis",48.6,0.73938076831815,"common",85758891.52,"columnar",4.1,30,12.05,NA,NA,"attached","colonial",NA,NA,NA,"clear",NA,"Pavona","pacific",3,2,1,4,5,1,5,12.1,1.8,4.1,30,"spawner",1,3.93
"318","Pavona minuta",48.6,0.80027413746221,"uncommon",31422254.5,"submassive",3.3,550,NA,NA,NA,"attached","colonial",NA,NA,NA,"clear",NA,"Pavona","pacific",2,2,5,3,3,1,1,6.4,1.7,3.3,550,"spawner",1,63.25
"319","Pavona varians",48.6,4.08137679157101,"common",85939689.7,"encrusting",9.3,NA,3.65,NA,1.965,"attached","colonial","spawner","gonochore","no","both",NA,"Pavona","pacific",1,3,1,4,1,2,1,3.8,2,9.3,43.7,"spawner",1,23.85
"320","Pavona venosa",48.6,0.759083366685996,"uncommon",53701657.33,"encrusting",9.3,NA,NA,NA,NA,"attached","colonial",NA,NA,NA,"clear",NA,"Pavona","pacific",1,3,1,4,1,2,1,3.1,2,9.3,39.5,"spawner",0,13.98
"321","Pectinia alcicornis",2.715,2.33267025623583,"uncommon",33903231.145,"digitate",21.2,NA,NA,350,NA,"attached","colonial","spawner","hermaphrodite",NA,"turbid",NA,"Pectinia","pacific",3,4,3,2,3,4,3,15.2,1.4,21.2,149.6,"spawner",0,3.69
"322","Pectinia elongata",2.715,0.862807339511279,"uncommon",21035841.11,"branching_closed",11,NA,NA,NA,NA,"attached","colonial",NA,NA,NA,"turbid",NA,"Pectinia","pacific",4,3,4,2,4,3,4,29.2,1.3,11,212.4,"spawner",0,NA
"323","Pectinia lactuca",2.715,1.17610537410946,"common",44498126.925,"encrusting",30,100,NA,NA,NA,"attached","colonial","spawner","hermaphrodite",NA,"turbid",NA,"Pectinia","pacific",1,5,2,4,1,2,1,3.2,1.9,30,100,"spawner",0,68.81
"324","Pectinia paeonia",2.715,1.31570046706648,"common",40182144.345,"laminar",35,100,NA,350,NA,"attached","colonial","spawner","hermaphrodite","no","turbid",NA,"Pectinia","pacific",3,5,2,5,2,4,2,12.5,2.2,35,100,"spawner",0,45.24
"325","Physogyra lichtensteini",2.655,1.64887541451283,"common",55235679.98,"massive",20,100,NA,NA,NA,"attached","colonial",NA,NA,NA,"turbid",NA,"Physogyra","pacific",1,4,2,3,4,1,1,4.1,NA,20,100,"spawner",0,71.5
"326","Platygyra contorta",38.38,0.596754113459416,"uncommon",32021316.61,"massive",5.6,NA,NA,NA,NA,"attached","colonial","spawner","hermaphrodite",NA,"both",NA,"Platygyra","pacific",2,2,2,2,4,1,1,6.4,1.5,5.6,94.1,"spawner",0,NA
"327","Platygyra daedalea",38.38,2.23721737832513,"common",67556059.435,"massive",10,NA,22,387.666666666667,NA,"attached","colonial","spawner","hermaphrodite",NA,"clear",NA,"Platygyra","pacific",3,3,3,3,4,1,1,22,1.5,10,182.4,"spawner",0,45.36
"328","Platygyra lamellina",38.38,0.364307469980331,"uncommon",58219641.925,"massive",9.1,NA,7.4,415,NA,"attached","colonial","spawner","hermaphrodite",NA,"clear",NA,"Platygyra","pacific",2,3,3,3,4,1,1,7.4,1.5,9.1,101.7,"spawner",0,39.59
"329","Platygyra pini",38.38,1.22125197526925,"uncommon",51938109.73,"massive",7.2,NA,NA,441,NA,"attached","colonial","spawner","hermaphrodite",NA,"clear",NA,"Platygyra","pacific",2,3,2,3,4,1,1,6.4,1.5,7.2,94.1,"spawner",0,38.32
"330","Platygyra ryukyuensis",38.38,0.167812649403454,"uncommon",42360503.045,"massive",3.3,NA,NA,NA,NA,"attached","colonial","spawner","hermaphrodite",NA,"clear",NA,"Platygyra","pacific",2,2,2,2,4,1,1,6.4,1.5,3.3,94.1,"spawner",0,14.32
"331","Platygyra sinensis",38.38,4.0828691449037,"uncommon",66475412.205,"massive",6.7,NA,8.36666666666667,411.5,NA,"attached","colonial","spawner","hermaphrodite",NA,"clear",4.1,"Platygyra","pacific",2,3,3,2,4,1,1,8.4,1.5,6.7,108.8,"spawner",0,40.05
"332","Platygyra verweyi",38.38,1.65997682588349,"uncommon",19895534.31,"massive",4.7,NA,NA,NA,NA,"attached","colonial",NA,NA,NA,"clear",NA,"Platygyra","pacific",2,2,2,2,4,1,1,6.4,1.5,4.7,94.1,"spawner",0,34.91
"333","Plerogyra sinuosa",0.01,0.336292354606763,"uncommon",60925952.805,"massive",30,100,NA,NA,NA,"attached","colonial",NA,NA,NA,"clear",NA,"Plerogyra","pacific",1,5,2,3,4,1,1,4.1,NA,30,100,"spawner",0,71.5
"334","Plesiastrea versipora",45.08,8.07721459723286,"uncommon",74491653.46,"massive",4.6,233.333333333333,4.1375,NA,NA,"attached","colonial","spawner","gonochore",NA,"clear",NA,"Plesiastrea","pacific",1,2,4,3,4,1,1,4.1,NA,4.6,233.3,"spawner",0,0
"335","Pleuractis granulosa",NA,2.60985098348329,"uncommon",54230602.415,"massive",120,13.5,5.72565891472868,NA,NA,"unattached","solitary","spawner","gonochore",NA,"clear",NA,"Pleuractis","pacific",2,5,1,3,1,1,1,5.7,1.7,120,13.5,"spawner",0,NA
"336","Pleuractis moluccensis",NA,0.946711842343403,"uncommon",42759624.395,"massive",160,NA,NA,NA,NA,"attached","solitary",NA,NA,NA,"turbid",NA,"Pleuractis","pacific",2,5,1,3,1,1,1,6.5,1.8,160,24.2,"spawner",0,NA
"337","Pleuractis paumotensis",NA,1.26942277208755,"common",67739417.39,"massive",235,25,NA,NA,NA,"unattached","solitary","spawner","gonochore",NA,"clear",NA,"Pleuractis","pacific",2,5,1,3,1,1,1,6.5,1.8,235,25,"spawner",0,0
"338","Pocillopora damicornis",44.42,1.84728458140922,"common",88880159.175,"branching_closed",1,200,35.0975,116,1.968,"attached","colonial",NA,"hermaphrodite","yes","both",53.4666666666667,"Pocillopora","pacific",4,1,4,4,4,3,4,34.8,1.9,1,200,"brooder",0,42.29
"339","Pocillopora danae",44.42,2.87310471996783,"uncommon",16789084.33,"branching_open",1.2,100,8.2,NA,NA,"attached","colonial",NA,NA,NA,"clear",NA,"Pocillopora","pacific",2,1,2,4,5,4,5,8.2,1.8,1.2,100,"spawner",0,39.84
"340","Pocillopora eydouxi",44.42,2.7177794822173,"common",82563698.795,"branching_open",1,100,41.3666666666667,136,NA,"attached","colonial","spawner","hermaphrodite",NA,"clear",NA,"Pocillopora","pacific",4,1,2,4,5,4,5,42.6,1.8,1,100,"spawner",0,21.85
"341","Pocillopora kelleheri",44.42,2.09481983504719,"uncommon",12340917.555,"branching_open",1.2,NA,NA,NA,NA,"attached","colonial",NA,NA,NA,"clear",NA,"Pocillopora","pacific",3,1,2,4,5,4,5,24.4,1.8,1.2,62.9,"spawner",0,NA
"342","Pocillopora meandrina",44.42,5.84100152855223,"common",64143723.07,"branching_closed",0.7,100,20.0867777777778,NA,1.42,"attached","colonial","spawner","hermaphrodite","yes","clear",66.4,"Pocillopora","pacific",3,1,2,2,4,3,4,20.5,1.4,0.7,100,"spawner",1,32.77
"343","Pocillopora verrucosa",44.42,1.84728458140922,"common",87127475.1,"branching_closed",0.7,50,28.9685714285714,93.85,NA,"attached","colonial","spawner","hermaphrodite","yes","clear",129,"Pocillopora","pacific",4,1,1,3,4,3,4,26.3,1.8,0.7,50,"spawner",0,25.82
"344","Pocillopora woodjonesi",44.42,2.27779990972433,"uncommon",42554957.915,"branching_open",1.1,NA,NA,NA,NA,"attached","colonial",NA,NA,NA,"clear",NA,"Pocillopora","pacific",3,1,2,3,5,4,5,24.4,1.8,1.1,62.9,"spawner",0,NA
"345","Podabacia crustacea",10.5275,1.05469881950054,"uncommon",58248320.125,"encrusting",3,150,NA,NA,NA,"attached","colonial",NA,"gonochore",NA,"clear",NA,"Podabacia","pacific",1,2,3,4,1,2,1,3.2,1.9,3,150,"spawner",0,5.41
"346","Podabacia motuporensis",10.5275,6.48517021393165,"uncommon",40374133.445,"encrusting",2.8,NA,NA,NA,NA,"attached","colonial",NA,NA,NA,"clear",NA,"Podabacia","pacific",1,2,1,4,1,2,1,3.2,1.9,2.8,16.5,"spawner",0,NA
"347","Polyphyllia talpina",NA,1.47794569974335,"common",46194025.315,"massive",NA,NA,NA,NA,NA,"unattached","colonial",NA,"gonochore",NA,"clear",NA,"Polyphyllia","pacific",2,3,2,3,4,1,1,6.5,1.6,6.9,53,"spawner",0,NA
"348","Porites annae",57.04,1.1383343701485,"common",35919861.375,"digitate",1.1,NA,NA,279,1.23,"attached","colonial","spawner","gonochore","yes","both",NA,"Porites","pacific",3,1,2,2,3,4,3,17.6,1.2,1.1,92.1,"spawner",0,5.57
"349","Porites australiensis",57.04,1.47051844008185,"common",62382627.3,"massive",1.4,NA,12.25,245,1.325,"attached","colonial",NA,NA,NA,"clear",38.197,"Porites","pacific",3,1,2,2,4,1,1,12.5,1.3,1.4,76.7,NA,0,NA
"350","Porites cylindrica",57.04,1.81187140332263,"common",51657547.81,"encrusting_long_uprights",1.1,1000,15.61825,240.5,1.44,"attached","colonial","spawner","gonochore","yes","clear",NA,"Porites","pacific",3,1,5,2,2,3,2,18.4,1.4,1.1,1000,"spawner",0,28.95
"351","Porites deformis",57.04,1.52098498362652,"uncommon",23783750.045,"digitate",1.6,NA,NA,NA,NA,"attached","colonial",NA,NA,NA,"clear",NA,"Porites","pacific",3,1,2,1,3,4,3,17.6,1.2,1.6,92.1,NA,0,NA
"352","Porites densa",57.04,1.41983576065473,"common",19178419.175,"massive",1.3,15,NA,NA,NA,"attached","colonial",NA,NA,NA,"clear",NA,"Porites","pacific",2,1,1,2,4,1,1,7.4,1.3,1.3,15,NA,0,NA
"353","Porites heronensis",57.04,1.49856880794386,"rare",15700855.8765,"columnar",1.5,NA,10.5,NA,NA,"attached","colonial",NA,"gonochore",NA,"both",NA,"Porites","pacific",3,1,2,2,5,1,5,10.5,1.4,1.5,69.9,"brooder",0,23.21
"354","Porites lichen",57.04,0.898085371393526,"common",86777862.15,"laminar",1.4,NA,16.3,NA,NA,"attached","colonial",NA,NA,NA,"clear",NA,"Porites","pacific",3,1,2,3,2,4,2,16.3,1.7,1.4,88.5,NA,0,15.79
"355","Porites lobata",57.04,3.91255699245322,"common",91446052.26,"massive",1.1,542.5,9.29374224137931,208,1.39096666666667,"attached","colonial","spawner","gonochore","yes","clear",76.7,"Porites","pacific",2,1,5,2,4,1,1,9.2,1.4,1.1,542.5,"spawner",1,35.79
"356","Porites lutea",57.04,0.518531319764408,"common",85127308.545,"massive",1.3,400,15.2262871287129,NA,1.26001612903226,"attached","colonial","spawner","gonochore",NA,"clear",30.3390277777778,"Porites","pacific",3,1,4,2,4,1,1,14,1.3,1.3,400,"spawner",1,24.58
"357","Porites mayeri",57.04,1.55286618374356,"common",25224117.945,"massive",1.6,400,13,NA,1.17,"attached","colonial",NA,NA,NA,"clear",NA,"Porites","pacific",3,1,4,1,4,1,1,13,1.2,1.6,400,NA,0,11.69
"358","Porites monticulosa",57.04,1.47295312301292,"uncommon",51413755.435,"encrusting",1.2,100,NA,NA,NA,"attached","colonial",NA,NA,NA,"clear",NA,"Porites","pacific",1,1,2,3,1,2,1,3.6,1.6,1.2,100,NA,0,NA
"359","Porites murrayensis",57.04,1.55899286739696,"common",52099302.14,"massive",1,20,NA,NA,NA,"attached","colonial","brooder","gonochore","yes","clear",NA,"Porites","pacific",2,1,1,2,4,1,1,7.4,1.3,1,20,"brooder",0,NA
"360","Porites myrmidonensis",57.04,1.4903698828394,"uncommon",3507305.741,"massive",1.4,400,NA,NA,NA,"attached","colonial",NA,NA,NA,"clear",NA,"Porites","pacific",2,1,4,2,4,1,1,7.4,1.3,1.4,400,NA,0,NA
"361","Porites nigrescens",57.04,1.62557325982637,"common",52685304.115,"branching_closed",1.6,NA,17.8,NA,NA,"attached","colonial",NA,NA,NA,"clear",NA,"Porites","pacific",3,1,2,1,4,3,4,17.8,1.1,1.6,92.8,NA,0,41.33
"362","Porites rus",57.04,1.64328050182565,"common",74903428.785,"digitate",0.8,500,15.24,NA,NA,"attached","colonial","spawner","gonochore",NA,"clear",NA,"Porites","pacific",3,1,5,1,3,4,3,15.2,1.2,0.8,500,"spawner",0,7.28
"363","Porites solida",57.04,1.04399818878696,"common",76019374.465,"massive",1.6,NA,12.4166666666667,NA,1.194,"attached","colonial","spawner","gonochore",NA,"clear",NA,"Porites","pacific",3,1,2,1,4,1,1,13.5,1.2,1.6,79.9,"spawner",0,35.75
"364","Porites stephensoni",57.04,1.42239374990842,"uncommon",34574366.43,"massive",1.3,10,NA,NA,NA,"attached","colonial","brooder",NA,"yes","clear",NA,"Porites","pacific",2,1,1,2,4,1,1,7.4,1.3,1.3,10,"brooder",0,0
"365","Porites vaughani",57.04,1.60557191319123,"common",44158265.635,"encrusting",0.8,20,NA,NA,NA,"attached","colonial",NA,NA,NA,"clear",NA,"Porites","pacific",1,1,1,3,1,2,1,3.6,1.5,0.8,20,NA,0,24.05
"366","Psammocora contigua",29.46,1.8831164115202,"common",65801843.835,"columnar",1.5,50,NA,NA,NA,"unattached","colonial",NA,"gonochore",NA,"both",NA,"Psammocora","pacific",4,1,1,5,5,1,5,26.4,NA,1.5,50,"spawner",0,28.42
"367","Psammocora digitata",29.46,0.932787995219772,"uncommon",56833826.775,"columnar",2.3,6.5,NA,NA,NA,"attached","colonial",NA,"gonochore",NA,"both",NA,"Psammocora","pacific",4,2,1,5,5,1,5,26.4,NA,2.3,6.5,"spawner",0,41.42
"368","Psammocora haimiana",29.46,0.864980294698367,"uncommon",66148172.3,"submassive",4.6,NA,29.5,NA,NA,"attached","colonial",NA,NA,NA,"clear",NA,"Psammocora","pacific",4,2,1,4,3,1,1,29.5,NA,4.6,19.1,"spawner",0,NA
"369","Psammocora profundacella",29.46,2.24411067383529,"common",85955733.77,"encrusting",1.8,NA,3.56666666666667,NA,NA,"attached","colonial","spawner",NA,NA,"clear",NA,"Psammocora","pacific",3,2,1,4,3,1,1,13.4,NA,2.5,12.5,"spawner",0,NA
"370","Psammocora verrilli",29.46,2.12131747391746,"rare",66700504.52,"massive",2.3,NA,NA,NA,NA,"attached","colonial",NA,NA,NA,"clear",NA,"Psammocora","pacific",3,2,1,4,4,1,1,13.4,NA,2.3,12.5,"spawner",0,NA
"371","Pseudosiderastrea tayamai",6.10333333333333,6.48577315346339,"uncommon",52120797.385,"massive",4,16,NA,NA,NA,"attached","colonial",NA,NA,NA,"clear",NA,"Pseudosiderastrea","pacific",1,2,1,3,4,1,1,4.2,NA,4,16,"spawner",0,NA
"372","Sandalolitha robusta",10.5275,1.09298743897704,"common",48010876.36,"massive",4.6,50,NA,NA,NA,"unattached","colonial","spawner","gonochore",NA,"both",NA,"Sandalolitha","pacific",2,2,1,3,4,1,1,6.5,1.6,4.6,50,"spawner",0,0.26
"373","Scapophyllia cylindrica",14.565,1.25605198062193,"uncommon",37333716.13,"columnar",3.8,NA,NA,NA,NA,"attached","colonial","spawner","hermaphrodite",NA,"turbid",NA,"Scapophyllia","pacific",3,2,3,3,5,1,5,12.6,1.5,3.8,135.4,"spawner",0,16.33
"374","Seriatopora caliendrum",25.82,2.9626494666299,"uncommon",51722224.935,"branching_closed",1.1,NA,58,NA,NA,"attached","colonial","brooder",NA,NA,"clear",NA,"Seriatopora","pacific",5,1,3,4,4,3,4,58,1.8,1.1,100.1,"brooder",0,65.82
"375","Seriatopora hystrix",25.82,1.05192415810756,"common",57114396.93,"branching_closed",0.8,NA,32.7,140,2.2,"attached","colonial","brooder","hermaphrodite","yes","clear",NA,"Seriatopora","pacific",4,1,2,5,4,3,4,29.9,2.2,0.8,70.2,"brooder",0,61.46
"376","Stylaraea punctata",5.3,28.0183120181674,"rare",22747940.1595,"encrusting",1.2,6,NA,NA,NA,"attached","colonial","brooder",NA,NA,"clear",NA,"Stylaraea","pacific",1,1,1,3,1,2,1,3.6,1.5,1.2,6,"brooder",0,NA
"377","Stylocoeniella armata",46.44,2.60488740583565,"rare",55528344.635,"encrusting",2.3,NA,NA,NA,NA,"attached","colonial",NA,NA,NA,"clear",NA,"Stylocoeniella","pacific",1,2,1,5,1,2,1,2.6,2.7,2.3,19.1,"brooder",0,NA
"378","Stylocoeniella guentheri",46.44,0.762598022830187,"uncommon",64595910.44,"digitate",1.1,50,NA,NA,NA,"attached","colonial",NA,NA,NA,"clear",NA,"Stylocoeniella","pacific",3,1,1,4,3,4,3,12.7,2,1.1,50,"brooder",0,NA
"379","Stylophora pistillata",62.38,1.03543310292614,"common",67348187.645,"branching_closed",1.4,NA,21.1497564088889,NA,1.72446554043243,"attached","colonial","brooder","hermaphrodite","yes","clear",360,"Stylophora","pacific",3,1,2,3,4,3,4,21.3,1.7,1.4,58.6,"brooder",0,56.42
"380","Symphyllia agaricia",16.3925,0.242775439656758,"uncommon",53559558.525,"massive",33.5,NA,NA,NA,NA,"attached","colonial",NA,NA,NA,"clear",NA,"Symphyllia","pacific",1,5,1,4,4,1,1,NA,NA,33.5,NA,"spawner",0,10.12
"381","Symphyllia radians",16.3925,0.592451325376447,"common",46384133.355,"massive",35,NA,NA,NA,NA,"attached","colonial","spawner","hermaphrodite",NA,"clear",NA,"Symphyllia","pacific",1,5,2,4,4,1,1,NA,NA,35,NA,"spawner",0,12.31
"382","Symphyllia recta",16.3925,0.113861573199446,"common",51655363.365,"massive",15,NA,NA,NA,NA,"attached","colonial","spawner","hermaphrodite",NA,"clear",NA,"Symphyllia","pacific",1,4,2,4,4,1,1,NA,NA,15,NA,"spawner",0,11.57
"383","Symphyllia valenciennesii",16.3925,1.19564811796931,"uncommon",55006164.78,"encrusting",35,NA,NA,NA,NA,"attached","colonial",NA,NA,NA,"clear",NA,"Symphyllia","pacific",1,5,1,4,1,2,1,NA,NA,35,NA,"spawner",0,NA
"384","Trachyphyllia geoffroyi",36.1,2.60401057826165,"rare",36015578.7,"massive",4,8,NA,NA,NA,"unattached","colonial",NA,NA,NA,"both",NA,"Trachyphyllia","pacific",2,2,1,2,4,1,1,6.4,1.5,4,8,NA,0,NA
"385","Turbinaria bifrons",32.425,0.864232308325082,"uncommon",14646712.806,"laminar",1.6,NA,NA,NA,NA,"attached","colonial","spawner",NA,NA,"clear",NA,"Turbinaria","pacific",2,1,3,2,2,4,2,8.5,NA,1.6,103.7,"spawner",0,71.5
"386","Turbinaria conspicua",32.425,0.858921515263558,"rare",5571185.6925,"laminar",1.6,NA,NA,NA,NA,"attached","colonial",NA,NA,NA,"clear",NA,"Turbinaria","pacific",2,1,3,2,2,4,2,8.5,NA,1.6,103.7,"spawner",0,NA
"387","Turbinaria frondens",32.425,0.982794085305335,"common",57131446.49,"laminar",1.1,400,14,NA,NA,"attached","colonial","spawner","gonochore",NA,"both",NA,"Turbinaria","pacific",3,1,4,2,2,4,2,14,NA,1.1,400,"spawner",0,NA
"388","Turbinaria heronensis",32.425,0.951143488880174,"rare",6301911.9245,"laminar",4.4,NA,NA,NA,NA,"attached","colonial",NA,NA,NA,"clear",NA,"Turbinaria","pacific",2,2,3,2,2,4,2,8.5,NA,4.4,103.7,"spawner",0,NA
"389","Turbinaria mesenterina",32.425,0.952627991731081,"common",67570151.925,"laminar",3.5,100,19.28,415.5,NA,"attached","colonial","spawner","gonochore",NA,"turbid",NA,"Turbinaria","pacific",3,2,4,2,2,4,2,19.3,NA,3.5,100,"spawner",0,20.87
"390","Turbinaria patula",32.425,0.924851904631138,"uncommon",30350481.92,"laminar",3.5,NA,NA,NA,NA,"attached","colonial",NA,NA,NA,"both",NA,"Turbinaria","pacific",2,2,3,2,2,4,2,8.5,NA,3.5,103.7,"spawner",0,NA
"391","Turbinaria radicalis",32.425,1.01717236878712,"rare",16043876.05,"encrusting",2.5,100,NA,NA,NA,"attached","colonial","spawner",NA,NA,"clear",NA,"Turbinaria","pacific",1,2,2,2,1,2,1,2.1,NA,2.5,100,"spawner",0,NA
"392","Turbinaria reniformis",32.425,0.876113953746796,"common",67106782.97,"laminar",4.2,500,NA,NA,NA,"attached","colonial","spawner","gonochore",NA,"turbid",NA,"Turbinaria","pacific",2,2,5,2,2,4,2,8.5,NA,4.2,500,"spawner",0,NA
"393","Turbinaria stellulata",32.425,0.905613304602451,"uncommon",52543012.76,"massive",3.3,NA,NA,NA,NA,"attached","colonial",NA,NA,NA,"clear",NA,"Turbinaria","pacific",1,2,2,2,4,1,1,4.3,NA,3.3,72.4,"spawner",0,NA
"394","Zoopilus echinatus",0.13,1.51042700834309,"common",23290376.57,"massive",20,60,NA,NA,NA,"unattached","colonial",NA,NA,NA,"clear",NA,"Zoopilus","pacific",2,4,2,3,4,1,1,6.5,1.6,20,60,"spawner",0,NA
